temperature,humidity,rainfall,soil_moisture,ndvi,ndwi,pest_reports,disease_reports,crop_stress,historical_yield,disease_risk,pest_risk,water_stress,yield_index
33.479120971119265,58.5270985838834,21.464947997784563,63.815762034155476,0.22251655787349012,0.5804978813094048,11,9,0.7860643052769538,42.302477062506114,63.0105425000512,74.2245520951424,42.14176536147199,34.5431916515697
34.4552322654166,58.821922923776526,5.680968044619422,53.82093509110844,0.199139287200215,0.46210493759406573,4,8,0.7580877400853738,55.2079801834025,73.86392670438494,55.249118749758104,50.05320403534893,30.61905919348712
27.334420074540684,32.84724477616987,3.857237301688696,62.81342672697183,0.7234668600490193,0.574007785947368,6,4,0.3704597060348689,61.76468124272105,29.3398817582604,31.66526522719803,33.979376033823605,56.43542639212785
31.396279893650206,58.4148747267015,20.816954901445936,64.01855714015744,0.39052231386417163,0.46580784111616086,6,10,0.38747837903017446,51.43470192402391,60.635183143000916,48.99890086455517,40.85912297910881,47.74089911177177
33.73848755004277,73.21530567848208,17.629134465658378,69.65103217153775,0.5033651471645217,0.254992956762315,0,1,0.11453007353597344,73.09896882205689,44.43105310256921,25.279146043262635,40.37817560796614,60.85620759349347
29.071588013159918,66.34846544845189,7.598752451565305,17.15724841975576,0.48627238970891906,-0.02833226174437664,4,5,0.8534030732681661,48.33455069432442,54.98959929047005,50.63376742598898,69.72609802893997,32.15054524921639
29.140643046825566,80.95338359191688,16.607838508184688,43.44708030080494,0.7767956961928467,-0.06642166407383687,5,0,0.09004786077564175,76.17448298399766,36.32906102950832,33.47744628384958,53.73592611412215,64.69089519870909
31.92640750155472,59.00015791231199,9.525530652412062,36.105846240351354,0.6353175967015441,0.08945008844271235,15,1,0.11800590212051532,89.82816687932232,30.025277362733476,53.03471619524097,59.30791660615887,62.9291004134802
33.575018079315896,76.59786229533472,11.234037553594717,34.05690932916113,0.22422104085819444,0.5220819172350735,2,5,0.20236336479523032,52.439527576587196,57.982168444702616,42.005943464131406,50.08010783679794,35.766604522401586
32.38925911901873,58.08604758538174,15.68272101756108,55.88685782389149,0.6503818831972115,-0.13244454308808873,12,5,0.04161417386189248,63.15747669693758,36.510679516400344,53.634275018694694,60.517503568836915,54.343383404055196
21.411859370737723,90.13280769449182,14.526528492509874,39.28088631743859,0.6050049284406909,-0.18175690317624202,2,12,0.48230343694290023,79.61590795326632,77.64723964449836,42.91473820711838,63.035701579280456,51.42294649204338
29.434561047521505,60.776811068702,6.67439157729734,38.20982981397866,0.5509177499030841,0.15112916824403738,4,0,0.8262919241943578,86.0811639948667,45.864170070189445,39.436575669404306,48.97267354919825,40.846165010562466
23.624675676780164,72.86247125497361,18.174865357172067,68.80532443423598,0.23296052838604037,0.5328094761100863,15,2,0.03741255617617978,66.62659075531455,57.964438927447446,50.91133918272649,29.781911811456514,46.41578678577382
37.057987901394895,48.90965947910771,12.876428230792863,32.917556339732194,0.8707535489377018,-0.0683137459343855,8,0,0.43509706000303794,91.56540715118271,23.37420694033355,59.51136961935905,70.84497484563956,58.27434161983335
28.37716720772898,50.535388369001545,19.3003108027747,61.31628842174327,0.4377164512327567,-0.1244266655507878,11,9,0.2624605159228647,88.39834958042542,36.93691993920118,59.72599628016786,52.68668331322587,53.87295115883449
21.58536616315478,68.95988144885483,21.86405102093661,28.750426600020127,0.388949228133073,0.42192387059294206,5,12,0.5007411862023423,43.202157645421295,69.31590119307978,45.479962005432625,42.46369557588266,37.33618739639744
20.436650092570623,62.911445555341146,17.356560891072164,55.67816264546317,0.3038272517782443,0.44329962094581016,0,9,0.7389840039155418,42.470291838766855,64.29561807140807,27.46901545352112,34.4119745404404,38.316831290387476
37.1124651409394,48.61900474733358,23.12021073280068,16.740164397037944,0.577502492591655,0.3071800893448681,13,1,0.14033959706391264,58.88951620102932,39.20165791280344,71.58379494059895,63.95516267155828,42.62558404783025
27.34763203110583,81.00962420139219,0.4459195994246934,22.640079773601446,0.788660033459707,0.43745367066012947,7,3,0.5307695905990535,69.54290177990063,45.970751626951724,39.222654002851286,59.961371382766615,40.10121294636009
27.077937641525995,46.109571591838275,5.916559074939529,67.22099961704126,0.7787579478364111,-0.11577753611670004,14,0,0.5944336637564518,43.3318749189838,37.57603689516417,46.99348857081833,43.66819412781161,61.53735062877105
21.310634454705564,48.50680535196581,3.840334879801466,23.08430445657485,0.16628397257905883,-0.15568367266859193,3,2,0.05338193262717539,68.69519751832536,40.28641911103064,26.75774634471104,61.619583947673405,34.4997522460498
35.500098844692175,85.32355574344339,1.0868765503197986,27.704888671756684,0.3322935507503849,-0.0004899393342305269,10,7,0.4162624257031923,37.807484835872856,60.45346799403526,74.18986734674803,75.60357951882395,33.77145464311549
19.98226283159751,84.83237185385393,22.566328598190427,83.56994764106149,0.7675599278106671,0.4235820326170631,10,8,0.778996354578129,42.66947587954938,64.78098362899472,46.94853042287732,21.262141511471853,47.048271313458024
25.70178992200707,71.57161263041215,6.6615829375211515,24.78378876677698,0.5179655009982843,0.13351149487590802,9,3,0.367511810115128,55.884369640096104,45.04381292696477,46.22481366881961,53.99258672810781,39.15779645829074
36.97715853430681,89.56262126998156,12.022760707501964,37.985284350328214,0.5622847881691024,0.4788483910188997,7,8,0.8043918279470774,65.36516973574719,75.20588881440165,61.61761172203357,64.96941879761863,34.7699298575143
31.895962576369964,85.94673944118311,3.302570932538598,58.006581837934384,0.22322372613704966,0.38057250261714154,9,1,0.935939822700626,42.832252012154726,66.256371505421,67.08174451425107,56.70760799358643,33.103287274707476
33.90229677966172,91.49175908312647,6.3345838459796795,56.305312675081645,0.22318788212458895,0.2929325600192971,2,2,0.5649506114724419,67.62853929992943,54.919324815874305,55.96946242196581,52.869358708620105,40.510926254275695
27.843064311508584,68.9735736989698,23.280905892252544,23.381351195078597,0.24016974574308508,-0.1298327904713853,7,8,0.4186083007903795,79.13632072008507,67.3248221281793,56.41899079600807,60.902461518274464,34.03201850286154
23.410698818203514,53.67248115518351,7.860999505106572,26.032815403749975,0.2637931968574876,0.5489019707005953,8,5,0.38331982277740984,76.59208539461054,43.24585270107126,37.84488527553265,50.35557964119094,39.19086505268185
25.527189469616523,94.13105042008094,17.944005900091085,81.58362620026888,0.24122850445712185,0.4804269433526261,14,8,0.12192167833511258,68.53070599824558,65.79771123398064,61.86744777407903,29.34869523452956,45.969243404954895
23.907180506881797,59.80562531690582,11.05785317669733,36.134917400974416,0.8572002595469768,0.42503522834521273,8,1,0.9970346578375731,85.11440138554147,41.442221863414176,46.981628763605855,49.225428193635345,51.379294600752566
19.808814539682654,88.30717092828064,0.7249875801117356,31.857964062880292,0.260126843878309,0.42141435255377485,12,2,0.9106382271308853,72.40733524166694,73.03998771816238,59.836431062504985,50.93826858749038,18.096395903765988
34.029636217188305,45.50593334078025,21.235221073076822,19.006235810728228,0.7667421673040907,0.5422363441378244,1,10,0.6981207839786372,82.76487246335684,46.034930306900826,45.363576480948645,61.13127580908607,42.10656184120343
21.10425984882182,77.7503709757855,4.826037271722602,33.953112592246015,0.696626616906604,0.5841638279189454,11,7,0.054500314991295595,70.12961128586937,47.39100134433285,37.628987575043865,34.28548631354024,61.63105434484499
19.83442011648396,41.929659877220736,24.50067948885481,47.09924497209429,0.7537423302228842,0.30912667368622154,13,7,0.1451302546650497,88.92339385281142,23.98025017208964,25.899802031343924,37.09309075673816,62.291171434205815
36.81188819391037,39.64853434480377,12.708818461173552,43.28240735185362,0.515109921701616,-0.10462597904180432,15,1,0.27807554578125737,52.36816241436738,19.256579172143688,67.37875407119118,65.3204410213613,48.26746363479293
26.17566218857394,44.14585423530253,14.707656210225206,37.19286379220665,0.17776607239357003,0.13472003532548832,7,6,0.22559286820421098,67.6301021879606,44.62187416865741,39.07053586152744,49.352203415230825,37.353123036649585
24.324283036480864,81.18309442908699,13.728609589991986,45.199273662592304,0.632029610324614,0.08852586756020342,15,6,0.7367056884822203,85.52496454325134,66.94218293472152,61.9906015420275,44.89685313146113,45.665907688305694
24.289013834884024,84.42985355242945,12.353541162935585,23.10997070346879,0.20548554324616664,0.47359456883157053,13,0,0.2806114361336559,54.04541230858811,53.030447310681446,64.47410808781291,41.94777828513642,29.139533151025653
34.54346849041373,85.67562153234628,9.306539329788704,25.752902934244435,0.6126471141177122,-0.10426195530808453,8,4,0.9584291809009724,91.74147493726731,71.19907448418077,62.200644244778005,74.54447993951283,31.984567449933074
25.756833903272994,71.65776124810037,0.26819112439190607,29.6340361021569,0.5543179932847911,-0.0689989565933633,11,2,0.8363042905502379,91.3805811529655,50.34937963035117,51.8013015010645,69.1958438319239,39.87624158515407
26.964912265087023,55.517226529724795,2.0012320911546255,67.87311209563211,0.48400985103839655,0.17546154735232106,14,1,0.18092665223086812,86.70490646290426,33.968301184312544,43.60264197961979,45.006067681275766,56.850248784973026
29.728903460295918,62.063848430293326,2.1028833639220506,32.056721783899945,0.7995630562671567,0.3100709603827672,8,8,0.6702032553513549,78.48547208525315,51.702125620359375,41.88156180921494,63.68368622118451,54.35846371938119
34.88957746574373,61.3672130581741,19.215689736484478,74.64108618168183,0.5386894418356936,0.52764179509708,4,7,0.8502742988337217,54.41367534871688,54.384948400609524,52.70792078416089,38.25391270400269,49.50721570713208
21.55013164873935,52.02561631462432,4.790075241567496,16.737619225900076,0.8641445530481006,0.1585658626054972,6,3,0.5984771915577366,35.41692400870189,34.84488273764534,24.376816560162155,59.190976312424034,36.922173692918825
30.40715419316088,61.03788178580263,19.03581407960019,78.23295103748372,0.7049358789731307,0.5705689788395036,9,10,0.8668014382619265,41.50393205746732,72.61926845030641,47.99737135083457,24.55560042331564,55.72403032835181
37.39630233411139,93.9975752930556,7.205706137197632,66.36274482065414,0.7274873242101568,0.07719428905043901,0,1,0.04094696028571976,79.30855826916317,39.02737228807868,43.91313382345814,56.11026932511257,59.51484329045862
26.231520043881197,81.58933978639823,2.1204818077958016,53.882319709643475,0.7675860359790077,0.5397613337759111,7,10,0.036970727201174225,56.24403345448385,52.55682101615009,29.918434220140092,43.368638937586795,56.33190461355168
33.47441365503253,86.25467562361808,18.48578671191275,71.06101144746424,0.18770205656392502,-0.012371879646961126,1,8,0.8581253046248232,35.25650712156057,85.71165162050814,51.90360915084454,46.922062942664155,30.282694732220463
35.912697627673936,73.65483257563082,5.941459084014933,74.69467907423389,0.417984196025326,0.4826757369152476,14,3,0.590320250883149,57.62558386162654,54.586488414799476,73.53744608359742,38.22638036839345,52.27413447741696
24.838538770913207,76.64654459670189,20.185790149407044,84.91203590467354,0.37819878389859696,0.12635356090502575,8,1,0.5748719296230336,91.86206212398628,47.60390140758656,39.399050341057404,25.397714510121748,54.275133903482754
27.938331922606988,38.733849365348995,9.134461579978337,19.701666819343682,0.30552385902036183,-0.18586497520007025,4,5,0.6345402649517972,54.56767035559774,42.91735094359018,30.670652031891144,67.96639916089357,22.785367028694292
23.690817502236506,88.3047919202447,5.877427922016487,37.773991136167396,0.8499799071056704,0.22363364422805793,15,9,0.5907447941637661,72.24603491354122,58.69896257847111,49.256723450256445,53.82526988489203,56.88333195881583
35.48628730581615,48.41105066125742,14.037234860359614,70.43820975989618,0.7535445642192995,0.15070900686735433,13,6,0.9947017489350248,73.45205618780437,46.49225936195157,65.37633525172531,50.759371266944946,63.05577268009554
31.05844253127997,92.09771283220772,12.818301607502782,45.3080745007437,0.17759891859198565,0.5678196178633763,11,1,0.041079093304846936,49.02579685578149,49.63218829128513,56.079031595163116,46.57215992739269,44.71182725208145
19.01920965149772,37.25402393619974,9.612609449748202,19.23699155785753,0.6876060887196334,-0.03438356678015042,15,3,0.3941257771780975,58.74674908494143,24.713482055205326,45.89491481583046,49.57599916632382,45.195373038539245
28.1633471162575,61.81763042296853,8.327354025265945,45.19289141025148,0.7510474758954699,0.47296296497196516,8,3,0.32249044096772983,48.821522622614964,25.603376361993885,35.954304139223886,54.48122690663191,56.110735588644125
36.60769235178301,33.157003840052276,11.519240130989155,64.80906291177445,0.26584958889925503,-0.16210078399561453,5,1,0.9188231935306829,35.52780756380403,47.99469575293734,62.38623849197725,48.268428158193714,21.695735199875507
22.832778174781716,66.998783277994,14.754884569153154,74.46047331628453,0.1536508725421429,0.48269556747389347,8,8,0.1627434861049576,79.05743112371118,51.87073066328431,43.00128848630914,22.531656462690457,44.75823143724878
30.068489086666432,94.00221968514684,9.038401965979984,71.92115420740791,0.39516732072791394,0.4393708177931928,1,7,0.21635569522540143,58.599487345986475,69.61039578517605,43.64829275260013,38.8820187969494,44.565216025562364
18.38068295634973,40.756704242815374,18.12958302127172,64.56638649785116,0.7187068975721846,0.05372253690398299,1,11,0.5938305480284476,42.18350147955771,45.41634448164567,9.46075592153982,29.9311905966636,55.33616349440079
37.835489518574214,30.260494307667066,0.41449504743892307,84.51592073513545,0.6001719022833074,-0.0984720195851895,9,11,0.8803803001276922,65.56342354734839,42.295767135179496,59.72018548117086,48.423871685001444,48.8047041573547
23.895103864055258,73.13536803292288,20.90612942106503,16.271238074005485,0.6086996065080101,-0.014975568250518212,13,11,0.2536645065618285,69.81389759441885,49.48521417262845,51.52689552249282,59.341423204979634,51.36646592353585
29.338755906387735,79.29744541700902,24.58542689982344,44.34906715305636,0.5462289499518588,-0.19002409764702943,0,10,0.5202300670459938,58.25380153055222,62.157139104220036,38.25093977108529,50.075508980029376,46.94092540505127
20.987483127363014,92.50072592016711,4.461044045545773,28.967939502964327,0.8114168026294396,0.530066195313545,3,2,0.4698008881748279,76.8092095600813,51.72759503994591,29.52978858889082,45.976957270538065,59.93344069329952
32.62271953305591,80.89240845169552,14.24834546603816,22.323056776334266,0.8460594339760908,0.4924580314568226,13,10,0.09986247716072949,46.65064992364147,59.51168738196218,53.65873363472622,70.3879987525032,54.04382812800782
32.38625067381647,87.69212075172283,9.865747203752056,37.33927420197662,0.61873066925165,0.26479149899844057,6,5,0.6017747558677085,88.3167380652902,59.329366651735384,59.23264681374391,58.68752166017664,50.16610511852962
20.6221738605244,40.58664753604607,17.11405183484193,38.76344279462319,0.8852717617289719,-0.005122603713114071,3,1,0.7535045630002579,85.21905495931858,22.945778436532706,27.508791917375678,37.43336611468683,54.42980849436863
27.36833282493542,46.86358959054472,1.1293279247356596,48.70439382283965,0.8886859076794185,0.3220153606021306,10,6,0.11069207402961612,49.388868561326476,21.335245386218805,35.77922731739406,49.442036645793415,65.08048272489147
37.69137216501508,93.85383440179461,23.824978319199534,20.027549835201906,0.25610102266441,0.04357322118082632,3,7,0.0969778887054793,83.21042659472212,60.71985673763011,50.416500104120935,68.87009702309885,37.759533591054165
21.206240499645162,85.3756552566619,14.605696501530455,66.45905992637434,0.37794530444071983,0.09700210967062173,13,5,0.7600149717440349,79.02412029745038,80.76036753444721,55.877774795472035,41.6753307672492,44.66548248154906
20.007912912996186,47.19508772483522,21.161963401698923,27.56444506422612,0.46844730710867677,0.15988743995530097,2,3,0.7102452013359866,83.52607501592561,52.361475336875905,30.153090458452393,51.468366646001996,29.17714444143588
21.225081257038482,91.10123570248845,22.1997207151395,69.41510993293846,0.5485993713915513,0.19248633240949753,7,6,0.5365680135770893,59.770095827768344,66.41591501967666,42.629515679394856,27.835346342322648,59.62910682306831
37.06411049810378,40.632497051157145,13.860413800998339,29.540207734607748,0.3449521467174832,-0.17595633699105698,6,1,0.9168484076291957,53.32738051449291,48.19397570868129,67.3804669029906,74.24526541163645,25.202242242457938
21.74477889230683,94.25925340377248,20.457696717596573,66.91302429120607,0.5109446587007435,-0.07769830229893122,13,11,0.34138706738172764,37.85608131272522,80.31720645746745,50.587803098147404,43.22287002407335,51.24684391653351
33.87270767724755,43.77704972023527,23.094582902329506,45.65927220442608,0.6420405099334068,-0.1981529819306064,8,12,0.2808963859641551,38.53759707278885,47.20669459476419,46.67608978496884,56.43575929819589,49.66576293815879
25.858547831404664,89.92040926007468,7.978912365201751,65.83260898687308,0.5050465612192788,0.3279610409034231,10,7,0.4727839727589982,89.15348239359292,57.344821594428055,55.28752774120028,40.48684502836743,57.64044913706779
18.805074798798476,59.22612474747424,22.31219224218316,67.47330332460072,0.9136919417031738,0.22513104927779504,12,8,0.30248028113792813,89.00952918096156,47.56255045422495,42.308982922346985,22.418765842885087,75.394427234935
32.39565070043092,63.08071986383803,22.677158172737713,44.351069154946714,0.6482452845703603,0.07388994664004328,11,5,0.4400501082335524,42.17100004380026,46.24710524881307,60.44036041982713,50.99438619330515,52.07675967911833
18.395328906853834,51.225544773665696,4.945246181479924,69.47059957808086,0.8126854090750202,-0.0026556982190821254,14,8,0.12936280345827444,50.683693959297656,28.762943079536335,39.19085657380245,33.441634661020274,69.35536555131844
22.050448158483718,65.23513727179675,17.53477753108581,81.7045727939896,0.6197465718231239,0.004085544821904541,4,8,0.32049116167801617,90.63931826942735,49.33381923032964,25.540522786413824,27.846912176380247,64.6758317072134
35.50215226645023,69.66478388816098,11.098572159899408,80.51562496050082,0.8075679696333664,0.057772539058350614,13,7,0.4898242560924627,71.03554250654716,43.616605353031346,58.542327619437174,41.90831815838257,70.64410227072625
34.86645771523958,93.5832879996965,18.624788144492214,68.52670599933998,0.7371943708112334,0.18448610475384525,10,5,0.24022627614900316,71.75469407847956,55.791374982661026,59.343859833578826,46.832329422025154,64.86681066149966
22.377132175892644,83.04364108893402,21.5142479823594,26.73896637744467,0.1557804152559999,0.06890397482349897,7,10,0.8391738662343244,42.884756996614804,84.87651906065042,46.70495135250148,48.02399252055168,12.113859536482963
21.851816464618196,40.007632867545716,10.570008313669838,58.3767968178903,0.868333602458205,0.5846569164264275,10,0,0.13799751734790533,80.07206451207165,10.552146577729248,29.655157849432577,28.534608047976647,63.45450161742363
34.65058569848014,41.46316470052493,10.587384866991345,53.6529449991531,0.5355899347918143,0.3489303324921203,12,8,0.9920420055280549,91.9670488257787,53.88906321290413,76.86556621279175,54.658019959547566,50.289424125134204
24.366527752580406,59.9785775794423,10.619423120386399,18.599340818985056,0.6676436120420526,0.08267015605477424,5,10,0.8321200752819861,81.81015483607719,67.98808133541102,44.43145265425534,67.08430067017149,39.02958961509588
27.82514892782732,88.0470162698597,3.5977174019639566,76.53481457612722,0.2239933293883486,-0.0771795823563089,4,6,0.06751848018741502,38.01000477980629,61.04079433013217,37.94726120264918,40.63820504411294,47.328554668369215
31.04515212931711,83.50327563205212,4.200021214446778,25.280461437498296,0.8128167496878128,0.45849968796007584,8,7,0.8191998792939803,40.2870964131962,62.75047363379467,63.229722330515536,62.315871604201114,42.3514389339854
28.08357208781628,78.76728921663515,11.616990946433239,40.75330381552723,0.3187756966885469,-0.03329652685198797,10,9,0.1189103480339605,39.90099395632387,57.54280847218109,58.45056938210179,60.29009040867534,40.857980619887265
37.80776914720965,38.9187317563898,16.338495642341083,46.411065504087546,0.452546996056747,0.5000673592432658,15,12,0.8728589587741787,45.96113870500258,51.64308189983821,74.235685767193,53.789800941454196,28.4510053219951
29.328413016192894,65.80906995187618,20.713673120969645,64.73729402198745,0.1704648790479146,-0.16043269028318746,14,7,0.4861920756222755,49.83052535455051,56.58460825497767,66.90941432290496,35.599639565190266,34.5630296714024
25.70738961714206,47.59528949718195,13.047961769231337,37.03247329950667,0.5843532555263616,0.3413219060077101,13,0,0.0010674650227472382,47.09979691392235,16.321984309465837,45.873741087489954,51.01779751100563,50.45125505052831
27.399118805746802,60.94596418411294,23.38854859606638,19.164068452833803,0.31568727146411324,0.26861706012377795,7,2,0.6795270092089578,47.20326049219305,46.3314682497102,42.76391762652615,52.956037595204585,28.377532670494155
20.693840498466948,85.91832260423115,8.009930089932697,40.25310805627775,0.19255821531594527,0.08589569880164333,5,3,0.6104850673417885,46.70724696732718,68.15084444806679,39.51110722797528,32.60524976446375,22.858685417664166
20.30652876221976,70.27200166017028,3.0492241052405724,74.66676225511864,0.7307890665021772,0.45584708659041934,11,6,0.9966772115191534,37.517980867817194,64.66012968523793,54.01697976782238,22.958736917846252,54.76213874546573
34.123819308894504,41.07217758780372,24.46585359751097,49.904768281342065,0.5301274987283973,0.5767077828365903,15,4,0.39752502455499295,68.33090405988139,32.85280458113332,67.25377312122026,47.55019735931472,57.82702683901014
35.3228921266204,68.30652579828595,8.96681978819778,43.606856415669895,0.48226963283926305,0.3065193457157675,6,12,0.9327796196569825,57.315042833247816,65.95940182030549,66.87943179699246,66.59609834301152,32.468381744842915
31.175068196334017,66.03593651968464,8.017888667351903,39.20115640338428,0.44151644642099286,-0.12428818540048905,4,2,0.7231138021453861,57.17851255675856,58.0179565125305,46.30213983082541,62.23603244712858,36.41064430115616
34.53579763847489,90.28781587562823,14.934863226846018,61.82633612941057,0.19048351254875262,0.5564159128175252,13,5,0.9239004005454299,68.00171891076383,82.98212552407206,79.02525941089604,51.56901774462283,35.4442857120043
18.530648744121486,78.32489747945505,21.303633426729544,49.74922377075158,0.5086332290750863,-0.19562151293229801,9,10,0.33071606674610543,85.08952632760476,73.66157463336573,43.39928116299997,38.27594064986904,50.617084939098675
33.49815806762656,62.2783811250083,13.412198093806268,82.57911674372149,0.8919565324110583,0.4845136973619228,13,2,0.5942726943015799,85.05440320536563,23.792806276118775,63.751720860623855,37.8193356340926,70.68461515623963
37.64288592635689,69.46874298211469,10.624484641652534,40.89890574930385,0.4715668553436151,-0.105280733457065,14,10,0.8377168581870411,51.21063667068431,73.90236485056886,89.9495989031094,67.43860251266464,37.738676713762246
27.273514293630022,74.85824002259989,4.084792503736362,61.78315185566076,0.4400851860636549,0.29497182253571363,2,0,0.4617271971845094,64.7683009569952,38.62955132228895,37.071443904099624,46.22610173326227,39.61558255349216
19.936202986099428,91.57578672242428,10.124851537395433,71.62787217547242,0.9003011847938119,-0.13541177599780874,9,8,0.871409086741214,71.15136273610352,63.99911430851193,47.03076523423781,34.68796387405083,60.437644488166725
37.870859935736945,92.3159891881757,1.0099807210540797,64.40579025406417,0.3823589473566367,0.5223913227249095,6,0,0.9358741020110806,82.73611739590328,73.03208184885912,81.74867017273547,54.81442871661427,40.93121358183673
36.314897157574194,66.88412738070602,9.930832536820603,46.15112383977946,0.1986002214419807,0.5750018570892792,4,4,0.18936349167285382,51.30469620490253,43.237167057431726,59.416279840213846,61.03126056641115,42.5775641276727
34.60038358318056,93.43334012391327,21.053866387921797,81.0367645894497,0.2477401477290082,0.43663085213357605,4,7,0.5434955950798607,86.23852985026927,85.71343367423974,66.01042725077596,19.45122584207579,48.824285750961785
25.726829144463636,53.503936922223076,9.787671042110786,21.282726467583668,0.2096257856505374,0.4238958750978494,11,5,0.9306844885446205,69.89659748985528,59.452342956112325,63.49332738099002,46.14787614139365,31.999452785104808
22.3740845230327,63.524118958723335,23.404423291004903,83.40349109400502,0.3319975352453293,-0.1607058849999679,5,1,0.06332847870255809,46.12208174226318,40.74214226641197,32.918125908979015,28.31004009710717,55.5336314949729
22.03734503219082,82.03793534380026,15.44472271263958,75.48957804349074,0.8806091923944538,0.07832062060527384,1,1,0.22592895791678247,59.95696924352272,42.18528923899276,20.15726267443431,27.01033716278949,70.87204103446291
21.656175408619532,50.847717731974356,16.329797125570465,62.099737627942545,0.4847650050429656,-0.01708351787030829,12,9,0.16887304161271477,88.39017243631221,36.17839026472427,36.11022653533743,26.76358088302818,60.01281717655487
28.163858295564896,58.383386807024564,24.87037232074021,49.03964288694073,0.5180188671696698,0.13741285017164906,15,0,0.592956631149616,47.9941630167214,39.68418033047511,64.39354680580041,55.20934885247755,51.06486730683626
35.93510743181397,60.91147626014076,1.5082704643555433,72.5549482265665,0.6491014718436935,0.42540563805915615,14,5,0.6379367442466449,83.80505321640663,48.507173791822524,80.11630886206927,49.21282698173054,64.14129124671231
37.211739250132496,54.109300900208495,10.62704418785328,71.84860728309414,0.5394369823519107,0.3892584744925865,7,5,0.21549514181270046,77.47661903851761,37.24430899443696,57.931700438875254,46.16034611051566,49.55226997387861
35.893757737356296,47.71812233203296,2.768106465013859,81.92326616658404,0.26890577777704966,-0.04186641419628839,6,3,0.5293913540262875,85.32105726394245,46.66651073171413,60.074527188788636,45.14327410078947,55.1202475982414
27.56809852173356,39.58268697656308,6.835742553166813,36.5833242766991,0.2480026727133602,0.2401917535266061,13,9,0.06993163147686121,62.42401680049954,41.29945997689575,44.064666800821584,57.99126798250807,34.17102921961546
34.41114165279721,45.64894962892752,9.020264035437883,27.344890349246093,0.5099630953600003,0.11364801793235463,11,3,0.7517807092307816,52.889266010363855,43.66526347311357,63.06578894442834,71.02174819804357,39.10203718976962
25.38545682681937,45.33982207033592,19.078887245497512,80.10023431483022,0.5334075266474435,0.31439873867266604,0,11,0.9988296373336586,69.97043962960043,60.20058817891891,31.520317143644778,23.136382836668048,56.39202437823866
19.623080008477984,31.0273611036087,11.930015832073115,49.60201734742324,0.4636690386544887,0.25453388103309166,12,7,0.836613041032693,41.19345488594896,39.231372856778016,50.02328968056821,27.692691508272837,33.34706159701645
35.458240327741684,87.84343545970151,7.858698565747621,43.11631438065635,0.35642553071182426,0.2850395185541725,10,12,0.34464088651161773,66.74910156724266,77.70793568612116,68.36146630135569,52.329430368241326,38.80608241621626
36.98587046018515,56.18717455299593,20.853022300052704,62.69306308827838,0.2977792942865357,-0.059630202736729754,3,10,0.26471171061953735,87.05725547101261,54.386368373935106,42.982217027205735,46.89302573988635,45.53556851493204
23.52414726913132,92.69372759904812,6.614940133653957,45.096993493003346,0.48303700679662187,0.002427799943746839,12,10,0.7718493432291552,56.56412681075578,72.3491537178305,52.76067407824401,49.02925100674473,44.90156089301089
37.88155544904757,32.5118801387475,5.199951842711514,51.32402497409589,0.7736543670625504,-0.12876639593995742,2,5,0.7470758006298863,56.17796287916261,37.82055927147569,36.408165543000756,64.07607810999208,44.69659867974656
35.23628835632028,71.74640720691957,17.260048862887537,83.80910200751349,0.46711944903174984,0.12268352259930265,3,12,0.24587558700505863,76.5994690392634,60.05924632176926,52.3277960267075,45.6378198062051,54.17375827498971
21.707505456049713,60.148827180086954,7.235742687701624,70.72423133381096,0.8488557663706715,0.4421764842306925,10,3,0.27413439368860837,49.51951595669564,30.406838117296452,30.759699416151705,30.631399025555677,81.73659635305312
34.93342101016487,55.947694672756384,0.8779202777416645,26.335909917474183,0.6422227620742509,0.42632421933737924,2,2,0.9173955892661422,83.50683584297337,33.3892644881541,57.09444054559842,70.03848077968384,46.024203885824086
24.116004574771345,70.22956477627918,18.99917209251825,23.98052809577841,0.7512455329796669,0.5508091671688526,1,9,0.4412227484805581,84.97065390884705,50.853183795959104,16.913011516466575,49.223973818096354,39.6521287338346
20.35687801811662,45.49200440853391,12.571873424508832,50.36938456051671,0.598636148972194,0.1160814700383127,13,10,0.9131537503472078,49.063328048329865,59.40225378181357,47.749991761256894,37.24030309128365,34.73993857041766
33.90464517165419,92.44070856587413,18.045908305840335,79.25019976380138,0.9078226540099599,0.08164053939139054,5,8,0.47393273763807797,91.23783857120412,54.942594162855045,49.34311391992462,40.08260450351742,75.49809351822624
33.755857012777454,54.88090558071662,24.499463497253956,76.84708854965953,0.3820166754002138,0.41615449083028416,3,4,0.6063628402155351,72.53340379841764,44.84065062990583,45.700013578266976,26.115728397129878,45.75871292530434
29.270464739390746,62.2143300830743,1.3802489176995114,39.37931184230193,0.8161271785711992,-0.17528573037117426,13,5,0.9451482876707726,37.90020186906583,42.57104412391504,52.95454529999256,60.74926753782413,38.018126849582785
28.6258550963721,80.65254633236205,6.142493574874525,31.152241368705187,0.17093024279314045,0.566812235180362,7,9,0.6355603540101848,77.40769919361449,79.04077090614912,68.88965713000212,51.61615547091976,30.81217113061717
22.030699507847665,87.72381517596654,20.29380928048163,39.46945280164237,0.5955291585456438,-0.08717816003998831,4,12,0.9028926876302835,87.54815787045442,78.91162879333389,45.36810240390697,38.79044397862419,49.80065724688304
20.40221260202769,34.63479472201495,24.745576730121837,20.184037835835152,0.2520574023325885,0.4618036764725892,11,7,0.7744172045693324,70.96198444304133,50.32668828058552,47.42561843052352,41.76431582447966,19.259277476398843
26.94785503584219,52.49414848880775,11.691311311255312,26.879987356899246,0.7633602319480725,0.008563025068755697,6,1,0.2463522417832268,82.99799865101767,16.135452922195952,36.965370141665574,55.742321612988796,52.575681438426315
33.30048810356086,49.99825531463695,5.415559104601067,63.22310167170805,0.85054339950459,0.03601536696991631,15,7,0.28983411384949154,66.59427838640639,41.74454210557776,71.2881572711768,47.415132198072484,66.93640643122096
31.87080939173439,73.8587731647145,17.06470305542208,20.184938691709444,0.49406590865889755,0.12722810563658377,6,1,0.2223679278968107,60.13487001248809,58.76276430969005,44.216809989194054,65.4218393274661,34.57238090817318
27.98388450844447,70.28176030967661,23.199265204145604,49.426880698903695,0.557066304343384,0.28159757082202364,15,9,0.07185033548623432,64.3941839957524,33.29503227379351,50.24982852816016,45.2042416278696,61.35838952154992
37.24399977069404,59.2874701340573,4.522110758052259,30.18412859640518,0.22329440451947008,-0.19954549659284446,10,5,0.7692425812982214,76.80758723959065,59.47663466463787,69.56390813064598,76.05495272827181,25.424368888375007
21.347299992883585,70.73154915033629,8.15595905410142,59.90929281750466,0.46743911927733783,0.4077144418451158,2,2,0.9057918529142601,63.51195001086107,59.903491505905556,41.643937112917996,22.97396737194493,33.40959650244855
23.737848271269097,46.278150637572736,6.571783303994566,55.77113190775642,0.9150123428222992,0.5922224696742036,1,6,0.6390272102646738,84.01832099099154,39.48580507753885,28.58937493930938,38.873146969273364,59.621364723195086
24.06404153269183,58.58758776123034,24.6405275378002,83.95326877046097,0.8477022442891899,0.43875867586244616,15,3,0.32085007406718746,66.19512194867787,33.76440192608339,48.73690590736437,18.87622000636122,71.62549066723085
32.98348314631066,51.6807452210931,8.266924923658813,23.905817332427958,0.2953084017222678,0.4804167031370861,15,5,0.2278677865528338,78.28244270127608,35.22019632007897,63.238907501897614,66.44167799597851,34.3160658276973
31.117457219656814,47.877017640966436,1.6236694802485907,18.845449243836846,0.5979300194282104,-0.1826212354367283,0,11,0.15539711925727562,69.5742811061395,44.143510144678075,20.085419293591613,82.45121816958346,51.17885868393846
35.86104969506505,30.71608337997485,4.465104392427943,78.27329321568351,0.5731100818560447,-0.0799683374014319,14,2,0.6599862442371142,76.31455886807177,22.062507657361266,58.9815231559297,41.59534693820571,60.88436501366822
27.54465819951593,53.378309088329715,5.610397316867158,18.217427453809805,0.42120362004514567,0.36912747816779384,5,0,0.4391785132059347,71.70853588264251,30.142174860568964,41.40947246847245,53.87230648900046,39.29129017354513
20.05595392289499,60.87645886028344,15.085148937190215,32.18962271666162,0.18276489958801792,-0.021127743299162477,9,5,0.41393031905460087,45.07001793564821,48.00192474504406,40.32294415496558,52.92858727788144,32.16663231464956
18.357219183503616,90.12256072595144,23.798219752022696,15.843630411114765,0.737524858518096,0.5761612580558748,3,11,0.970710161196213,66.36843982476545,83.02554060163455,16.817012236114685,47.00621640429773,23.2239989850275
26.345072197173725,67.16972847387208,3.839494477152863,66.78390185963053,0.2077633266606876,0.3838246136350337,2,11,0.4724686775644882,64.06033086525181,61.504801320998915,35.635417381160444,32.73462779157425,46.82424218337307
21.4961477246601,44.27267349313594,11.59805715275125,80.97978802200365,0.7152926862359069,-0.027805001456680134,15,11,0.3782005230096811,83.54816441689357,36.72706011637453,40.56564620260984,21.530126265856865,69.28705359242232
31.8585318117171,94.17532029721434,3.7649571810750877,21.18816034904721,0.6691302981825085,0.07178875819922431,4,0,0.47530561788360415,77.96492873970547,54.4269043506658,36.93833271978369,67.42270911817597,47.10088529152307
34.85463937612944,59.015316989341116,23.824379039002586,60.555621280241574,0.23924212629582203,0.5080743905814407,11,6,0.14163896797290498,43.70333762896098,42.44030257361966,63.73290329170329,42.79745529896735,43.23232394256494
26.821548592345685,56.93299517963348,13.046910867221397,34.574543037177115,0.17467356382119642,0.2915088852281486,4,4,0.6513349987400464,41.1940173358433,58.115190816778664,54.53140706234304,53.66341287462904,26.316948345668678
34.20605110546933,54.559446872533556,13.261029490076973,56.546091470953456,0.16681017156727493,0.2121067014769512,12,4,0.4212801276832546,40.716381714229264,52.33070972911401,69.82691478245391,52.327192407624615,39.90310568625119
33.276881345767165,48.51249326224281,19.68888962158042,59.26485355364109,0.8654552268487239,0.5848038490830183,11,0,0.4449377610270062,66.17830389195844,24.019583474769917,43.041861230053016,46.403418830827746,63.1187013885183
27.05015863048768,84.77255041168274,8.09753156798221,48.58589519286073,0.9030952242567446,0.1799014691805631,0,1,0.05172149166639106,88.88874462907705,33.84748750568155,21.610962335588404,45.197653245613374,73.67578277245339
36.60211038500248,62.656844586011,24.2783787950582,33.11849460661797,0.5384998345720317,0.48762463344746027,2,5,0.2794873735701896,83.76209571481925,44.04653081735973,40.07987917349613,63.35555084345985,46.335792664724494
24.028012734403713,32.0195240045396,9.795942747751319,29.01284014094017,0.6736269002640765,-0.05494283298731811,8,8,0.2634754281893177,55.24741654490839,31.367181283094855,42.75679056149339,52.817517784572814,42.13612780643253
35.052454380789,67.17679066667817,5.345770531949945,78.00638947005778,0.4138407279459033,-0.1688164979701437,9,6,0.1239380544408778,48.59258729179733,48.46242421722052,58.9930706260802,48.31502932711842,46.62789218712604
32.20718384045659,76.38312964398213,24.820198931761123,38.9076783541136,0.2753995444568809,0.2153337879314572,13,6,0.17791248829614448,69.94723688266595,55.97218981713789,67.82055252257523,51.32057649637476,39.606226772190496
20.16498882949714,45.61618163817671,6.84765421515113,17.296699964841007,0.36510320538917146,-0.045646610805214316,14,4,0.3851677373559692,54.32344121436411,33.62672908960177,50.10680810761098,60.30015568051842,26.844646135347734
33.13298854833231,94.40263476082293,23.213154376433227,50.2953548876438,0.5595043689490093,0.051665255228674045,0,10,0.7647566879326486,83.12352438219935,80.61869142244038,52.23948794163706,51.57155462427002,51.50202676529513
24.169192449955005,90.40074586039975,2.3585375659913863,84.5988425414298,0.7429698529823295,-0.1253832757405382,4,8,0.03417941092826016,78.90065611831842,48.237114267662946,37.90572721514632,29.405938955295518,71.15190982118283
23.518476840816263,56.92153890352358,1.061448820702457,46.37512612998163,0.3542143612066758,0.11418800968140241,13,5,0.8794117334876851,50.409435320075424,60.80115961893183,64.13372455652963,51.66134882600113,33.322587937255804
26.354865727256794,46.7292003485845,12.566983119901673,25.62612131551819,0.4209860561276839,0.25263217549927247,8,5,0.8239123610507965,49.63314040750448,64.92764517110703,47.021745898871046,57.21998048821836,25.902766869172808
20.842078517032853,64.21990589127589,4.249463029894643,72.27591468390801,0.5998048548711379,0.010759451485524624,2,12,0.11518605331426068,67.14015699786489,45.3056222455448,15.92154794753761,28.852282114916473,68.40420059717941
19.350546288361066,63.295793121930764,6.4639294537185,61.40471160758446,0.24138157265071059,0.5496411445364056,4,11,0.18597441987570917,53.42615540881096,53.680928102797154,32.91620179816593,24.45213908800413,42.59022162460504
20.08302987605743,94.98474689943235,11.383803036087182,76.07722244039488,0.5214295235644182,0.5378861108368027,14,1,0.11401919133455096,87.98903470028078,45.43115366418753,46.27137904199993,16.12956216837002,59.922115695144285
26.323233601345816,42.35293903737379,22.459384598484363,32.73153204939506,0.6930597552977917,-0.1462754578120217,9,0,0.6537304725769206,54.32390388167584,30.295982882348458,32.373941587526964,48.99170212035289,36.23951655304401
35.525344660515984,38.87058601289321,8.004024222321734,40.784091494444084,0.5636229392116503,0.03749478840593143,13,0,0.3688783807374707,49.50931093375508,24.293018781371636,49.07867210897811,63.95109742497893,46.024532656798456
25.763076691561302,52.449920556016984,13.347640818059322,69.0302378590748,0.44172832638792703,0.27001559404467246,4,12,0.5219801141180507,86.85846186150003,60.18649652813019,40.394585771756496,31.700745000654983,57.6606382329424
37.734238248964,59.79445892549832,2.319636353168486,54.340642229900745,0.2474541199354494,0.4012156482235147,0,6,0.7234313683772865,84.55362413207585,62.153755233779926,46.548860992518414,58.70033840753912,34.47547690151499
35.38107572554006,32.367962719387414,13.904757419944733,30.138851685828598,0.8124663359019733,0.3187181481626889,7,5,0.1881042281213513,54.324346677430114,26.601054750272365,34.619924882784396,58.052190969436026,54.87585294392677
33.28420699160233,42.986670492778615,7.307788585749791,83.044912399162,0.6953020548045205,0.2884176033710598,3,3,0.29912514416652225,37.25284626534314,15.814259345253838,30.54259388518407,38.55544885633715,68.97450022025832
36.977475142982506,79.17269810227518,11.791004765609467,49.02316746926111,0.4858250454398111,0.059714933688266914,12,6,0.43115095714111507,69.09556916232415,61.839198431362874,55.27447335429621,57.03192487370577,48.263160638175385
21.61412391533619,52.887830805159695,7.186825463710575,27.217599213875182,0.7383385611343937,0.19703099426338871,9,11,0.03259244324701449,38.817746748523426,39.978488314206025,34.98672631290348,52.511731289772335,36.70428377116912
22.17919214969228,42.877653191785896,14.341016719892727,49.85988035552097,0.5969374888461905,0.10138822256683738,5,10,0.13858055144246284,59.41838081296354,37.63459094438162,28.459838179973048,51.831272228495834,59.80034945347115
19.38279890014523,41.070740727268884,1.728454061652862,65.95166243989652,0.37180617591604836,0.37899623215347017,0,0,0.8625478004083255,82.62522129233221,38.71926026127679,23.075782658120627,27.972384065012296,40.337676531073434
22.694069781037914,65.63776566078226,10.656105079501419,70.68678683600214,0.5264516921324164,0.2005286725290158,14,12,0.1501295567492571,82.35012450851809,54.840288337956,56.57042323316301,31.612858784975288,64.6135818812939
31.70429238732266,47.11562334667156,10.464369784036357,40.660674444933534,0.5515112718216556,0.16978234411493454,6,4,0.3054806123711701,49.29861482434196,18.79059043401886,45.28236093186001,46.14794548925856,54.30026801507365
20.67572851187711,75.10085672358508,21.19166169994933,31.627497043658124,0.26596245763969323,-0.19310619429299836,1,0,0.7622513483035116,91.26962092637655,65.3365018023719,41.20199712708663,52.864881594907615,40.30988390215178
33.12150564856476,53.34828582240295,0.2733680277665934,56.66325464877981,0.9132583636678214,0.0060939382707966006,6,2,0.12392589275351495,66.6495703343032,23.087985717605225,40.30520557066807,57.73347486454871,70.02428663089707
34.115453966846026,46.07236040016389,13.896935121894028,35.8188371365506,0.40393474225465686,0.5455554953839972,8,8,0.9745904132511058,58.76401459296844,62.63873975664976,76.5957113750052,63.15411693646318,36.68931615108062
28.552727212089643,34.37932983364541,23.286548232722232,23.669057736035956,0.3024451747410185,0.41225697915090925,13,1,0.9002780996154094,76.36495533118452,45.598772794343795,58.63988656461705,52.89456423336305,27.331805729625245
34.563957049786715,76.69278660625508,14.654407381774298,37.57243230072444,0.6869007196090454,0.5655772677046236,0,7,0.6643448684342539,59.916298405388645,59.20211360612683,30.586049980777112,58.427574825965564,38.16350117521885
28.78875517328779,61.289400822007785,14.28924461266797,18.435183340699112,0.46129287137444575,0.26638260965244864,12,7,0.6573339617683736,76.05231365315183,58.54966448228594,55.65072436102231,56.80925672776275,27.03265696494986
23.4631308145104,64.28098574277853,21.824680385042676,62.53360894015952,0.21961422042336115,0.27381996035552353,2,2,0.7340165597887229,82.1641285929986,66.47515702643183,34.2701614363464,27.44802414323471,43.41838086008745
35.282167076306905,77.01582151286517,12.993841492396077,40.77626703738596,0.18879239848218685,-0.08559407893889191,6,2,0.37338354325867473,88.81618788334765,56.87551839047903,69.8452643125813,56.71789906218294,43.426554260030194
34.31461271102114,54.91728157168302,19.312645150560336,71.18934832888152,0.2353319926680022,0.286927802101427,14,12,0.4021380749035539,37.90381307317227,60.47561702885153,69.79293709507427,43.77144800792038,37.08836970554424
22.2348220555225,83.26429911040142,12.46500095980316,17.371445659978956,0.6759215164657283,0.560397015842165,7,10,0.2771981402105398,38.03952984120042,61.86388251632074,31.53748616659277,47.89034225964245,43.75511979428057
27.252001214216165,57.28474886141932,2.986210898217509,21.772702885276722,0.32920375294066434,0.4693125971252355,5,1,0.22669865191471072,66.27100138136583,32.726762569574944,36.19785569551942,65.85895958912991,39.805942062894104
30.523185716809383,89.29334712656396,3.7748282858766915,78.94035618691447,0.8449172749156474,0.46327006666872234,4,8,0.6201466574655474,71.4351216163806,67.28728278756944,42.71952059834369,45.28719394084282,62.366589942551016
33.629316788048435,54.5233195389886,0.3099303478948989,50.68142619135108,0.5405363918732653,0.14959143064916142,8,4,0.24982608780972204,65.07005784633942,35.9598793757139,54.167955017807316,55.779639599643765,56.01853010430173
23.87920941849142,65.3150964553372,12.482006424353697,60.061832579699114,0.8815013633421401,0.028176868395093896,8,9,0.025040203005183614,49.956142945816595,41.69380096763296,33.13005845026962,45.65469643352779,73.11374633619357
32.93463429676093,63.5773428147958,15.098616624465667,42.72456758949411,0.18176483503005314,-0.12003851538038957,7,8,0.9955552995857763,35.90078463230788,71.95816893683215,65.04607196244153,67.31169206583681,24.597944558076474
30.398319603682104,75.28712144284597,21.474156242335766,23.560267604197307,0.8631602911316448,-0.17918607715874402,4,10,0.07674042655969726,46.09380806148057,44.026829336894394,31.025775090734992,69.69309141279653,52.41094860781986
27.021803216078126,56.154107406191955,19.191525817468538,77.51912142490227,0.6524767838606531,-0.1004716890187809,13,3,0.9133182968322798,40.05786610144968,52.55123403384664,63.261940336703745,36.84905522464434,53.277636693244716
31.34793776197595,59.68846389300993,18.836513485908544,17.210693148509897,0.261001004669446,0.2913590428348794,12,3,0.6660522992691486,55.019706865294005,54.10486041575366,63.47764641369089,52.310455390939026,27.009753964739865
23.422757724701807,62.12688549277107,4.937051296581954,75.26203179646957,0.7837620647576795,0.5217197347272011,5,11,0.9595962620594948,48.01516520301978,69.96239195912136,33.00604252686274,28.76015999549701,57.99044326447026
24.852047133005556,48.75594545246189,6.032858449438219,20.769959261998878,0.5323549708033344,0.5102093405711099,8,8,0.5209756327557735,59.42979634030224,40.74313032951091,49.05183130002219,61.77251427035551,33.140916534320205
32.33245513454626,79.39902574724992,14.371726050693356,75.40484624683799,0.3741087713870005,0.5052937769942907,5,9,0.7987498277617607,72.88104344305691,70.74763849817288,70.02648928341894,37.635139197288765,50.565329352690476
32.891595190360675,59.436560771281165,23.1737249933128,42.60981507008163,0.5854087555327029,-0.11524611440723076,12,2,0.8406961705337607,57.6035052012443,50.12011518719641,72.46604406921684,52.345405503778125,36.653039433547136
35.90328235547479,34.557438082871954,14.370518281002887,47.70913575246342,0.6229970248631154,0.15782054952661534,4,5,0.47188071242948937,68.1739503391156,30.25331547639853,48.08207166650824,53.93077088642663,59.63122470484153
24.827569883623855,82.03751263849583,21.341266725112504,25.744454376193335,0.5986654955326842,0.02824959487937101,12,9,0.23878532935868324,73.27000087786281,57.08158025191347,50.7217194484827,48.424923592136146,48.10368789670034
35.51476971926415,94.15139777825316,21.87127122012908,26.610622080634002,0.7811368290420756,-0.174280483919551,15,5,0.8707333733178638,74.25887612731543,71.7834045281374,77.77454324691477,64.16495405577275,40.4212580609485
27.368106392313464,88.01148191862788,5.7487004454658095,26.927405641103743,0.6449588985368578,0.5775954741614162,1,3,0.2496703789338265,42.95143433384482,57.34217677673551,26.904352014292492,54.19802586205407,42.99124276029205
18.24281801844087,66.17159588320162,12.807226067623645,71.52131634871083,0.4235667854556383,0.12827308711923324,6,2,0.7408152316357867,79.72840782372445,54.93787574046767,34.99986075953103,24.199527130373898,49.68613118320179
23.975181412452645,66.07774852841561,8.352346491498833,34.04316324243686,0.5042288633754737,-0.054781513512245,0,6,0.7066959213132259,67.79181229982461,47.25264107874749,33.467136383286665,60.94089856599971,38.27595332325397
25.21130221551701,80.87948762364665,5.156822585133644,28.066347258680086,0.5327099015874613,-0.17365118824131162,15,2,0.7240122521843483,82.73085826340926,52.697576424586515,64.40366808188664,60.29569909017249,47.39494759139028
31.9685710915768,73.81994937410771,13.127330833621595,60.69510571439205,0.857714441716286,-0.11958239886663327,9,4,0.07245497359587183,88.8538948008102,34.95639268304865,43.91591075155986,53.25091492712457,57.874839036627755
21.235649155845316,81.96831937168486,22.18557245341841,18.42127637956129,0.7306497313428916,0.08378025695724023,10,8,0.5140481960388648,49.805308368938306,60.057184434441886,49.93170647553919,45.74488805476132,44.509912389983164
25.028217027990763,44.08117348338171,17.297127317647575,63.079469603652676,0.5651595851148883,0.5479662534926808,7,5,0.835862971269293,39.28294625213519,39.011052090258275,35.21108661364165,38.808341456703474,42.62267506025731
30.535321286543212,52.963820713401546,16.987130456452597,68.92767682269289,0.9186359304607475,0.19397033360034638,9,0,0.5958579507309852,41.78437654898361,16.638807543133368,52.38296979928716,45.325037056056445,67.9986354071534
21.315058936847052,32.922675762423786,21.830998408847023,63.545379704924244,0.1807587785255724,-0.17736615548950835,7,7,0.28253440128671103,69.01340197461994,32.31931613973594,38.03546929899233,35.599497325802446,47.77792445232749
19.081086232371984,92.13093472228014,24.518936697708803,66.73522403114887,0.5082136031039514,-0.024005248538190915,13,10,0.7363540971470223,47.6513802549741,84.180670209235,60.362979253342985,31.203274315452834,49.75055163209286
30.863350870801103,72.23878246661309,6.761751984561973,41.01978818806738,0.18515995978626373,0.42955290864969903,6,5,0.4382383570875735,48.98530710121672,57.15359176666044,56.558313996081026,59.09538432327548,33.73566447092228
33.350148319617965,54.47051323641379,9.50588959748261,45.192279706105396,0.7775845140242322,0.05666951675185372,8,9,0.9395448407795433,72.66948716771356,61.966378839732855,59.524147992435445,61.98397925464971,48.077387746991796
24.354446696185875,36.77626405820008,10.37130013815413,23.669981679051133,0.466039934637694,0.24554697697076028,4,12,0.03622233104530359,70.42312917061082,24.852095388009737,26.113618211531833,48.119630280937244,42.621700625984325
23.491404869218364,56.08491179984276,13.225984837222256,15.069299574847028,0.2746394076841304,-0.12514689151295944,5,7,0.3290748704012698,66.25867095397894,41.457465974915976,38.12418695325405,65.54443657440963,25.930980286060993
20.537174959234335,39.52554372315913,24.53191309983182,58.23621681189973,0.619923262811965,0.5893585612148238,11,1,0.9745008925422891,46.62874935358033,32.97838751295096,48.74355186761298,22.80899295656889,47.590361269806124
20.98455456880513,94.80948571995583,9.478126527288714,60.41424327219881,0.8952881832421874,-0.15391915969682018,6,11,0.5678113853543433,75.15062210171479,64.66156586567702,32.16368578535499,43.53664271489615,69.30596566697474
21.099703562121135,45.86773988056248,21.35981977483746,17.412969498293393,0.6958238003994256,0.5995120292116216,8,0,0.16104568281993992,73.42622515090866,13.054326171894246,19.412159103133863,47.54773135242335,46.62871257414278
25.303694060421343,75.32334923913153,14.857360700345513,29.53460204657438,0.5836143685605345,0.505525773711142,14,8,0.4717915073938471,53.330293863558715,51.82859613118428,45.92081232416609,48.473367066855985,31.567528500990747
22.4496450425748,82.96693627454923,4.216122045124465,34.85208047239017,0.47207353580584244,0.05952453131328406,8,10,0.9576934080154231,84.89178556809836,82.58491488137298,55.25553329380774,53.20575867538188,35.28603127846375
28.357571513371568,51.864770723685936,3.92563743335482,15.826636172530323,0.3409191835788813,0.5312160506250496,2,10,0.9697937077507195,40.74340670391826,73.59895565662488,44.66810012857404,57.84536940443238,24.847896371826817
23.66931100486715,67.29994463159883,4.582954046738507,47.83934058804818,0.6511254440839068,-0.09745434145375675,4,12,0.5057246994541248,81.7130943974075,62.974719781006414,30.308190093637286,59.46378864700611,53.51566981597765
30.27210870093848,48.08411486189033,2.487741071636429,57.4375433615099,0.2010916589033474,-0.006965238648375838,7,0,0.5488875890065671,44.13927312174348,34.495019387562806,47.95908764531999,49.91467322711476,39.6524274081801
28.97909065388992,66.59569940561333,11.822179553854165,60.85797239973354,0.31176708534412084,0.5833945916694354,12,1,0.8292211412031192,68.86347125621771,41.463630589559656,55.40771739123445,44.943198431023184,37.31493248603746
29.79970444486027,37.1987706957661,1.9876390773092556,67.55854334055238,0.37556064800795463,0.5114414806137708,7,9,0.6981902447177161,50.88054500010671,54.828473329975054,55.71982009418322,34.829181909519534,47.140236395656515
22.693445309231883,55.561258736043335,18.55831637134866,48.19698069977706,0.5894625667125897,0.05132391046267387,6,1,0.26693364893772853,84.00177717079326,23.074612782569417,31.104129948291703,42.425661297394235,52.18887215607626
23.077821758447712,44.95670501372705,24.634114054205554,64.42690076749321,0.6256951710191867,-0.1960120277644217,4,2,0.6355412929730783,56.644001609454946,31.41558132256403,31.48523652595141,36.46765671061147,48.946918023484955
30.850517757770668,89.71319997898419,6.2168665509043315,77.05905395663947,0.22510942421519664,0.31875853647011715,0,10,0.6146062192524261,63.24548383669495,90.76794012839169,47.982461355834644,46.53321259159208,44.576222021638635
29.955586812600764,58.72356979342958,6.111896062145989,76.79665325012061,0.437919817025782,0.15682537538391295,14,5,0.18194295527675264,76.7027398795233,45.78669342617253,56.066471789195084,46.22695164026316,62.591822482785574
32.471187081836064,86.49097158370438,22.670181340138758,38.624279446910705,0.6204381823808579,0.28704624736447537,12,3,0.2219522514470672,41.49271352468426,46.62838603502557,57.41724273427431,53.184634698382546,53.68834885168982
22.105197009304042,59.484921599550425,13.670336506012765,79.3360989577989,0.8236138287910217,0.5328466650414623,2,11,0.9645812044363112,61.533499838636274,63.239466303144674,25.391930499394952,19.683686592782912,60.47460793787565
37.06407549017297,42.70227324669046,23.984481807880776,68.2587188224845,0.6435281675364221,0.34081516807150264,9,4,0.6464270380582822,45.64145074203212,39.769026052886744,58.55604210006642,42.60739517239406,48.61229229536451
31.128974361323635,59.33442969231484,15.811155867269658,26.16451502325993,0.6684627966995054,0.016488556156155104,15,3,0.16217993494378458,53.94549669706139,36.71729344999909,66.20521991535757,68.39590106583752,44.21851415679073
28.834771433264567,38.377031303580885,17.222425199720877,81.07629881038176,0.4786326286815712,0.5208842505205415,8,1,0.04295762737564457,76.11802601828887,19.910832328732283,53.0654758821123,27.732749552938685,62.94736998776247
25.530774655931637,49.71694612434291,4.325598033582423,84.72110285717689,0.19902096377552497,0.46160641168639954,6,8,0.7350804442618671,75.5678758355424,68.65963116220313,41.878998617922825,27.00267315300727,36.62231022996629
25.07717278646668,38.04617652261395,4.653468852605972,38.2224518721456,0.20407969558276148,-0.15446943829723933,12,11,0.3121027493536962,90.98714975599434,43.63159996245051,50.83197141470581,61.94945113213488,45.31872890509024
31.812941462103073,36.25241500094086,4.714001965863951,20.364706301561704,0.6151833380171448,0.589272860679273,10,8,0.7107615350219296,91.12134736796702,36.290273428597445,50.26985647669039,67.09756167288552,47.41129043829723
18.087272430294306,62.970221541453334,23.425375021906593,33.013148103648824,0.5284651432506867,-0.0609784897740874,0,0,0.08054494671311319,76.43962163979725,34.61373294602845,14.761970929399656,45.70550110416504,47.61228489254039
18.53711553852856,65.97303904265394,17.49805425344119,60.35142366195493,0.44880123142273065,0.24400819675192426,9,1,0.15430371872268445,88.11229331452006,36.87718805736839,37.00484960759966,24.007062716557694,59.16738338721883
36.5647729622433,57.08576670036011,0.0904061196235234,19.379978109231157,0.23430524078962772,-0.1237172374537118,10,4,0.7012708071093576,80.06698197622822,68.42650964993341,67.94717331382921,96.87015435137963,25.1469057419685
23.611772410654986,51.489036019163564,6.856138380452573,71.83091072313098,0.7351433261474496,0.3564416243301132,3,1,0.807833909706282,73.59902981480946,40.74600029967844,30.65468325554549,28.175520607330114,54.94747758358376
20.242463269447775,63.68977792993575,2.498295224309091,26.497737107798663,0.2520606619915673,0.5632866232560061,3,3,0.35520432359600773,53.35859455887406,51.412474119995004,25.149048915118694,44.00469536228311,27.582234938371958
20.29669348863898,66.15419942707135,8.638424794750438,71.13347834435238,0.8271560248619771,0.17805880872565744,1,12,0.5530130063444059,50.44246242301981,59.46716042661808,22.9670143392051,24.321596280163526,55.16676271450135
24.1749697700601,66.74557555532132,1.0743781411724718,20.55218294270138,0.6860095953620199,-0.14257832555138503,0,6,0.3386956334207504,48.00052625351574,39.4001310499862,23.203348124593425,59.647501642830925,44.08628947047012
37.19362438348254,68.65956272588174,16.041510134081427,64.69484646998073,0.6921715455730274,0.45584888654855066,2,6,0.5333585875147011,53.4581391404147,52.64206684916773,44.07142623197019,48.84502147947702,57.60726701171987
19.884597288922006,42.397265225976675,15.968272822434521,58.993364114344274,0.47421228300669827,-0.1278624188084071,2,5,0.3527448718582934,76.06617171278913,42.655884329054565,33.89994805042916,40.93724304813419,59.83298599867026
33.12588443406901,62.303671429908306,11.98056532222444,16.85353709134744,0.8757321327562512,0.05533917741386374,7,3,0.9994089253876713,75.9653112757579,52.22283421156785,45.22544300598449,69.02278087925377,51.35040045103071
19.431290001239034,90.67024319492049,23.422663500566948,53.22378467236558,0.6248119771748821,0.03351552122019985,7,0,0.7374604451918155,40.80180135869399,53.65616630364002,43.624049628042684,34.062167626094634,48.37255778763403
32.15361820160153,82.08768054242603,15.107682594973031,74.28119421797388,0.463006696900675,0.47901766804838136,14,6,0.2230361279982953,88.81630185964656,53.27084806641639,67.33378381926005,32.43794204914248,68.94567357640562
25.026993665785284,64.10338811383215,22.078172050898086,35.46367589767894,0.55099336812856,0.07211116295078346,11,10,0.15760151328847838,40.900085293673335,48.32107996731121,42.836051378459516,44.0127958455979,51.959618083675096
33.47699522638001,55.526153806460044,0.8216917566617243,23.12695155310896,0.17981640294632706,0.06315492038119414,3,6,0.3563174836569394,66.95417007878436,62.340068320225285,51.248503489386096,70.31901252244553,36.20266749325145
24.92428910722183,68.03460840668471,14.910811697271045,37.028993954599315,0.4043447720470774,0.3552360105489177,5,8,0.1350508046797747,60.13938714149742,53.90714052823676,31.81084532797439,49.1320912030598,46.87315036452659
28.14497264923432,57.58186787999575,0.25323343353647054,79.07778559627424,0.5002924250474153,0.5634146214084921,0,3,0.8662757734159724,87.57620571775094,55.31802586888881,41.091467308862086,28.088846427187473,51.53488470660521
36.89059331705252,58.55268401768197,6.71284119099555,24.6800901045875,0.6879478478887432,0.5792876951844659,10,0,0.7404453547781268,87.835030665901,44.556331744545986,53.44843076793755,65.28643261550208,45.95705785671052
19.376548306324914,84.23747888982517,13.08559619612231,78.50381613356288,0.8260529783643824,0.4500062152401327,6,6,0.25171064174943225,63.84060372293456,36.62430732251137,25.937775325709133,19.22441337229783,69.86045144475266
19.087639483336357,49.46831186785198,5.802011516744695,58.40220798981694,0.7558257682573317,-0.1541576363675791,1,11,0.8607676949546045,54.5093372344173,53.20552519010025,23.439170021561743,40.5431783005757,54.558494404035955
19.727193490031933,87.10069010073921,23.107243985240213,72.51291959079825,0.5831466529821036,0.24607887290036395,14,12,0.24790168983118288,39.32905685659683,62.54701591169332,42.99342554978738,21.956892383583856,57.38992554222384
29.924788190958658,47.16219064791491,4.696463704817025,17.83023519751026,0.43055841388622074,0.503175097909166,2,4,0.6790742101195937,78.12317691390871,44.066484919662045,30.2877463654863,55.884939613098936,31.07826415654456
18.01984928101258,32.28089978498253,24.771646102651584,69.75987464524916,0.8719252492551692,0.521842563934422,0,0,0.7918472897910739,60.71530740863581,18.25959783659568,12.107372224139912,17.78406366999988,61.70321436090574
33.86041577203179,70.28144907895056,7.531404736156594,36.7253813901504,0.8944082520043651,0.15136974338736364,8,5,0.5523327502406995,58.341633201270156,39.073108121536755,49.74432516755631,53.93948778634209,52.60711642601897
36.64220519630723,66.67925337891012,11.053713936612382,64.36680411542866,0.7955091652978481,0.2503857936531017,8,9,0.749729350721248,73.55444527288535,66.75385651752107,61.631915382159384,50.66374279926263,47.962312594982635
30.20049016889824,38.393861560383215,20.408926814395677,65.19398765083812,0.7338906484670006,0.11363396948948495,6,11,0.41402758213236224,67.51902171789871,38.08576780409965,36.734740927952785,45.97275015555745,56.494142241648525
27.93117634087232,82.64587079126105,17.034317929131046,34.465182780401605,0.8884864703215891,0.36581375535627264,1,12,0.9712613162688684,87.37785420017512,74.09077316206772,30.84537750124659,52.624625724208734,48.62532527700621
33.30753044788655,63.85571531586191,21.705978210141446,22.67591294341888,0.4433240679974483,0.20477153487492583,15,5,0.10858654782155308,43.75111276054394,39.13116697472016,69.87898615591426,60.020798341292895,39.473931422608466
27.46950803988653,40.68461718508884,17.628148649980545,70.67264237694259,0.32578846551197127,0.2737415559054246,12,2,0.303582651594387,85.6613431683417,36.74348972552146,51.91340890603656,26.402828012084036,46.83197876601408
27.41904276913634,61.20520488764529,24.94119917959251,23.011172327979104,0.8060130774132249,0.4909456315374962,10,7,0.34403716825915376,64.59588794443289,46.60423226189755,47.19624461005853,43.23344445563102,55.29504436455637
30.453826887120876,63.43075665245442,17.776733849441307,50.2753075101164,0.8464698898229743,-0.05244323129052697,4,12,0.812190551851192,84.06180162629757,66.70406221052767,46.86421256730012,52.76044760523575,57.44351780628262
20.809003167780453,49.95837453756306,11.14331658399332,37.562380270039526,0.44800317903062137,0.4560837958269584,6,3,0.7452811721545722,39.20158793936415,45.249823263935696,40.90117549805951,39.47226621287125,41.26737844252637
36.302768074901984,82.04634328104424,9.761162759923996,48.89494599960451,0.7501053094850703,0.03407567187929886,7,10,0.32807114256094116,80.94146319597567,48.94323749717477,49.68888732933469,66.73253379931188,61.422388133054405
26.766326188289757,48.64431105420989,3.2506248754475746,50.084639347692516,0.31943720676698806,0.5484406853914559,12,0,0.14319673774312158,49.04912362575533,23.695461910355412,58.97579509456746,45.99448644249943,37.386983038625885
30.300487638067466,87.86676568700892,15.06391913814255,63.6172953900467,0.43143753963044507,-0.07220922590183268,13,4,0.9642826487041081,70.44324891382882,72.61310237382077,78.81845167245316,42.26145406359645,43.47428510787918
29.213056814583364,87.53558698119967,16.810989305419756,59.991081155376676,0.29612146565229147,-0.11488905359007379,12,12,0.5988583701003527,58.69395432134645,77.70072406227096,59.79597925390564,51.76427786045834,31.876068749590218
34.09092012635894,64.73459881213469,6.914300341422569,17.114696376944934,0.7781916836014865,-0.058831886824554674,7,0,0.7558777308258808,54.95246367525979,40.26427477686285,61.78562306009114,84.40410841726057,44.40547882386267
22.20385139502048,50.101232211850146,5.078739379184924,37.23586545636452,0.21386089160849325,-0.07317597670443332,14,5,0.8794668555898764,38.265572563170295,48.09740757647327,62.89948108704981,53.56455656014663,26.591648320021644
22.80947108190476,57.28768646862608,5.280524860949126,24.00119563876423,0.4425987637756965,0.26065728405628014,14,4,0.6108245504659697,51.886519916620415,44.232737641204714,51.95381428545775,54.48353217758624,40.49455409451563
29.430316026905523,48.08054845299742,1.3333660426856881,66.65000269522855,0.2816726820918357,0.14057001899753374,11,6,0.18447158417910592,40.389654987813586,55.434233092682696,43.68025639735808,53.53648722969291,45.89159847800722
18.778216415484298,69.01776329042032,2.3064410233843144,52.978084973326844,0.7290018913692421,0.13886827863582907,4,3,0.0473842338175986,36.41233888421102,21.0387933585513,24.46601169182628,44.95759545169886,55.44630952569512
21.062007516067542,51.532991572271854,16.752329353714263,45.732457855966786,0.7153302025280489,0.494078292458554,2,9,0.9922472073132491,77.99858091770403,51.16049834604821,36.7244870815449,37.52469442482362,51.64200378722418
36.6936645573482,60.88847960420902,15.957175597813588,51.04578051009409,0.8052984801378963,0.14508768229720587,11,10,0.7993545750571388,89.82750777800966,46.92701307768431,74.25918537540907,56.301809011748354,53.40920128605009
36.13804836111062,67.27918101104913,14.478829646599495,26.710385988296057,0.9007212808663039,0.004013970162741465,7,9,0.7957950048053125,60.14928376284872,59.78358450798309,58.89754252003695,71.87330640206159,47.24401617249635
19.802739640765335,76.60626572958776,6.25427632012574,76.34763255256155,0.388370275243081,-0.039783335927885494,13,1,0.5115311366376475,60.69204250564238,53.41650462625053,45.76475987655804,21.604367576229745,51.604839943235916
23.562934909399424,90.3101136188079,4.126965052195308,84.17234971900051,0.40172798049801306,-0.12928781166600203,5,3,0.0584143795546187,80.0316968423432,52.87468338459985,32.75000481369659,36.24181536213604,63.34173227031177
36.79744178455181,92.48193358864468,17.017094391635133,72.2471149070918,0.7601673272580876,0.19304282615991986,7,9,0.07825900768357019,78.2072017395675,43.119575509557826,44.116461477802744,52.20546974862676,66.7241505238007
22.52377779604124,64.11272719459825,23.19645563657471,82.21582031660775,0.2484694359512836,0.07920338044436048,9,9,0.2215584993859303,53.5119258321654,54.956952220951926,42.31528917045654,25.410543002516587,50.30577204613979
30.97823662191674,80.59343060058409,10.382035343469786,34.14435013688089,0.16199713903274424,-0.0346961391580905,1,4,0.17820685648046553,36.14823487530633,60.78463118556484,43.369694237992874,62.61269294678004,34.522943315427895
33.963365827946184,66.90414759467743,3.438908687330283,54.485027324760985,0.1974281969039192,0.14470791792868226,4,5,0.42781380936294167,50.95007734850287,61.876346468633905,69.17599284339224,54.86086155916612,37.105195960285094
28.766895986660266,32.02047170052197,18.07334996729803,53.14880577049482,0.3584706090111929,0.0622736310827533,12,12,0.624362245117227,62.12700877547911,68.08036474595787,53.4376278268237,37.867547328336315,45.56415742282596
26.79706601183289,74.56349510846418,0.9985481271617302,70.65191851073084,0.3678942464632109,0.3460478347459998,13,8,0.6526280491413053,69.66334822658077,67.11626440403538,55.55258603939659,40.23102080294529,38.13084233893619
23.666116783736513,57.56111138020291,6.942448261580231,40.67201692509718,0.4510396727247956,0.28309164875067516,4,2,0.8042918658766873,59.93957233597576,54.96455746359973,36.486537465997955,40.2498797039382,39.67052497981546
31.518199836311297,52.34115500480952,23.731320352645717,37.68869502209935,0.5841305414736496,0.005910060555691737,2,8,0.4670423501332346,56.12581090582107,40.09158750996684,44.911230985480714,64.58865539037652,39.08488696841142
26.246214537144695,30.125431011767066,23.823219765650357,16.398594696086885,0.4723113166769909,0.3739820687765248,8,11,0.712886291432101,61.42666802930067,46.82391141905812,33.69112426644339,48.27898383067524,36.700955244094196
23.095448481950733,39.259774698477536,16.582881984317503,51.1101606590284,0.5528393297731722,0.539695342786574,15,8,0.3110638351045899,57.803793715818934,35.03942383023622,50.47550988933823,35.13040599308651,49.94107986619999
32.09746935944238,64.47242614470537,9.359195840689269,61.79460032270453,0.7759371177257359,0.5049865725373672,8,7,0.8198851218197009,64.14443934452362,60.220603310689555,61.34652808888691,43.0877684769691,54.34767610277732
24.098226905698322,63.715612339150084,13.621250842236519,61.232280171731986,0.4814867787843693,-0.025730166493120515,13,11,0.3460008672380144,87.60777493088996,51.87923732893371,60.007532689888095,41.01864976709665,58.158783124019024
20.777027735016595,89.14591623963499,13.285704304301754,56.02765687400565,0.5428280458392807,-0.17118007453098683,9,6,0.26354966267699054,54.53322628153639,57.66930415637283,58.11192680862604,44.467871019218784,48.49796397260953
21.71315391234741,42.40753452719454,15.207518924284122,27.447012483187997,0.8289239559215734,-0.03219147150926949,11,1,0.8757460163596469,51.83367183637378,34.9757763670668,35.664572927631426,55.55631958466154,38.36085956727941
19.378779034651096,68.56710815174083,24.726948376056445,81.28413598967863,0.23162191924035602,0.11677384247229494,5,4,0.12972810690490555,74.60350374117937,45.615893788853086,23.886006033106977,11.38624315961594,56.80657469720207
26.641808471589783,39.317244436714596,23.846247248753645,25.148777323799983,0.5518531084649876,-0.04241613974481001,9,0,0.20230861884209816,38.122124121254856,19.973810209120348,32.996579812838434,53.8518091479772,40.89734009473238
26.820372478085368,67.78105648546787,5.855641905276538,41.04548880612178,0.20531284969487865,-0.023895135813524065,2,6,0.9904421789253223,91.78710858753061,69.84902657923868,49.57446992053348,58.803360379656006,33.34130914231009
22.754287507419548,30.91822736914055,2.380840257209385,46.723435453434625,0.4115400971293087,-0.055717022692413576,10,9,0.35711559589661857,83.55646777755302,52.16375814967542,36.20922566535008,43.08323363702897,36.59235500637422
21.049330179567725,40.502610584148925,15.305584426050393,33.46502295230367,0.2827227644544704,0.5438146001080586,8,0,0.5651481126958872,66.25103898449612,36.41169269564469,45.186849075206865,43.940630364642885,26.77758988170135
22.433942967536463,42.570048388726136,7.871961956937576,78.16589441841994,0.7632793191783278,0.5575138329070062,6,8,0.6629215110320876,62.36176696729437,43.56388977580443,32.14966957389789,30.86375958788753,62.829752621066326
28.92278986801927,38.0612879951432,9.818135347810738,36.9327787766136,0.8020620067585715,0.10307404557848704,0,10,0.44238959390094557,77.94953211639978,34.88985507718739,18.7418798091649,68.66114094048432,55.43129776521311
22.829792127296137,47.230023757373175,9.168104322949192,65.22636728729317,0.8811943430336111,0.3352299440989058,2,7,0.44859780801713467,82.20708462114413,41.20878251491416,23.083590397874115,30.45233948834966,67.284091472275
34.001561383830555,92.84329207534518,17.59145252139028,26.30855085158356,0.6013254554839268,-0.10497830152353727,2,10,0.28131517387388294,74.62724491442106,61.80547243278507,45.98494687431963,69.54012664115277,46.28375886640896
26.393171856190023,41.36323120560649,0.726790354219925,43.461870059137404,0.6498909504680787,0.2591873665219909,0,2,0.45069344386738663,56.05984963233141,30.37469565537061,30.28123870388231,47.355493705275414,51.33330663487145
36.46447070539233,65.05293884648286,15.42557275401402,20.1272190317286,0.28716329068113694,-0.11923904056150923,11,9,0.8359210809168424,45.627951712090926,72.72923058873383,78.95118214822155,76.40237526138556,33.493529818899574
31.735079170829152,88.83752915387507,7.376003512413454,61.113129244474294,0.580986591248823,0.04466979233005369,5,11,0.0954834119592175,75.58405852942693,71.54468748444548,45.21059755131858,50.130881050202866,68.12024887868654
34.554813397200405,80.10266831910552,12.507890360486758,68.75001629436677,0.3562642135994908,0.2716050643227743,5,11,0.3179845046165125,62.562348998552366,64.04084968749966,56.86271499053374,44.46165305002627,51.01411348284414
37.93010519269117,39.916764304447845,12.969264580407724,48.549136760737454,0.7647927869161036,0.5268942180120095,10,9,0.6268162361303028,59.36346387836471,38.99898391501537,58.61611932449418,54.41515442258697,52.86950135843334
35.1194160034825,76.10281072424613,19.89271555312512,42.33394928379647,0.5573093924229777,-0.17321314480231964,0,4,0.474416044892644,49.54690727714765,55.16681267249181,38.91310599478,64.75507319975644,46.46558138995636
22.999735080570176,64.95897593487112,10.950669531768288,48.17891311203637,0.5972709382960142,-0.19494028220821172,6,11,0.07108739694508126,60.70271059701169,43.546708580982134,31.386228804376902,49.960509853349095,51.583958587224
25.927196679248404,71.51911112494844,6.221993203696973,16.358430534581224,0.4611989924222226,0.22918919164663215,10,5,0.96201436381886,75.2898329092236,50.983871378518614,55.80527490780634,60.323571479790225,27.327586792581336
30.235207088969986,94.0804580287513,16.349679993777926,77.91718246358425,0.7088276807338203,-0.09809110262019996,14,9,0.48431558868548197,87.37148559999352,71.62560874126923,78.7095424876942,39.68779107775168,62.238792615108956
27.864897494892347,35.250164348477945,18.09195841436735,53.66510070153029,0.7936314635159196,0.023836630937053016,15,6,0.11747968591054436,85.42277015106598,14.37756031779457,57.63408119317412,43.6185290833081,70.90103868205215
20.116290553693656,69.9377871644808,18.654532515378143,67.57568123380098,0.296346882688261,-0.15070080129791041,8,5,0.2024853452445461,74.85843611379447,47.44667000974822,45.14598613695249,36.306609597544515,47.694874155160534
21.710483792638147,74.13406795947091,1.7792205636973424,83.31262145969264,0.677085773511075,-0.05461634575045907,4,0,0.33446289220521874,43.71035605097582,37.152397259473545,23.164392535356885,36.47283912178278,59.15888154217049
29.133188013748978,46.62574247262456,24.40502160895223,17.293006118458667,0.7138851850692176,0.41839762095314187,11,0,0.17186936423135157,56.905479568925585,39.32696694576734,45.98778601717075,53.96854116433242,55.657442379897745
27.52569086167362,63.07155402027629,17.950146427194486,33.43396511149385,0.8079570970014538,-0.18337054041932677,15,2,0.8001999430365032,54.39471807788232,39.94484019593313,57.81942554740403,59.31994956781952,53.36368751811549
19.413014315422213,31.98125909310221,11.629203395921078,81.93311905375442,0.3648375486288773,0.5673364312536386,11,11,0.2831350763875111,81.56603966260036,34.75277198794814,36.153213982458254,18.78643145582807,63.375680511323736
33.86158865390043,79.20086183626634,24.956398780382397,48.49587226589687,0.7713306929213353,0.48998269358678276,1,2,0.04206644205306098,58.07065892474904,22.139894671900368,28.530058616600765,51.86962632694633,62.308594868415085
25.107288646404754,70.00858515927982,3.2439297518084222,77.76248385032036,0.27033096238015103,0.5278348360031957,15,2,0.9942786739158408,69.47067665784868,71.53952816207511,74.38683706156672,24.25502026981855,47.45726405349005
34.1915840465477,56.192578215082875,11.120893982046546,56.25013925652396,0.5604412656854939,0.35044938648101615,13,6,0.7138606850640675,91.84671232515814,59.626762544322645,65.38052790159877,50.19822406574813,55.783583353734734
24.88515574289304,91.09886859082451,15.686152252684574,51.42486301758275,0.7644904159794544,0.006871896839276109,12,10,0.003061104864092945,70.3216096417359,60.93891925716067,48.575681416672865,52.50863827548553,62.82213703961096
34.484778922002526,65.80405822696733,15.463505912579972,19.124073753506245,0.3051948068242819,0.2407715324108421,5,0,0.7414468065877132,82.8832494857484,59.21375560942763,64.51098382058001,71.35713626256121,24.428386597672425
27.481124318556304,84.61631634080777,1.757778464111384,16.276175109228856,0.16920974340412104,0.20901619154882684,9,10,0.12742667107259964,42.102784482533814,62.035092806644656,48.0763572342131,61.11612610811972,23.888262132936042
33.320668132008265,87.01639881462957,12.989651439291757,73.26235129522733,0.29083545166974545,-0.1453216876834981,11,8,0.051952503758055935,85.8714408909618,50.65615885656273,57.0819849444422,52.35657027587642,47.28254139971246
32.83380730090238,45.78063405495334,13.546220502791673,61.162709250383465,0.9036826639242218,0.3957626353939078,9,1,0.4753334513833103,68.5599346304056,19.605480593438248,41.46834386176812,46.23557355936789,71.1462928302153
28.24083866926909,40.76615026580245,14.763435214643083,26.87878525693058,0.7071680911741722,-0.04380670157626368,11,11,0.02620935654880885,64.75385106160695,28.044115306243988,34.26804464018787,67.79989485375059,41.27500137865781
36.30554411053298,49.711160179609976,3.856090552376781,65.4098313296415,0.598139018601111,-0.03918708105795207,1,9,0.5189304352421411,72.24352637192223,37.503834423893046,35.667138771091786,63.40936007047073,55.61357401136838
21.14022648303584,80.589668658819,19.95019637211465,67.26206748385852,0.1649555468052301,0.018506570085338847,12,6,0.5955443787167958,87.39565966403586,71.80222462713364,57.60072041634104,31.204029045773297,52.943878112344464
19.04564021642646,78.26180391861544,3.7663189358228237,32.99140109539205,0.7469296041887754,0.227773373938168,15,0,0.002235204747397135,64.10765600917414,34.21660552039212,39.09391151312306,42.13678921193749,73.32169848673912
29.84414299369896,54.65228678810774,4.668655441744743,24.667331650812407,0.3323826644080118,-0.17613431358961196,15,4,0.9019546901817942,82.38764117533262,47.12540109883413,82.70179962658881,63.786488055436294,37.210711434386226
22.725802030339313,49.2651867715458,7.544635843640288,17.860899284017204,0.392309654732678,0.5023310212704055,10,11,0.10963534576855039,61.109336872250594,44.667378880222515,36.05060526472445,50.32906625519372,40.871699772817095
34.84484495842322,93.28816475626701,16.33512030009106,61.23165669453584,0.5565444905296455,0.06741872937150539,10,1,0.5840633426960506,37.5616600000248,55.28270801949564,71.66468614375698,48.80322635484146,45.094813071083166
37.387077773971725,41.36960193009672,3.782695536880279,26.587205108152112,0.6570661617950884,0.5935162549836788,14,3,0.9056173970674878,50.88114387486583,39.76861840562954,75.97093369106675,59.76895863230025,34.35929992146466
28.726395544452572,45.45930001731642,20.712423706697887,82.90955578667682,0.5035809936828903,0.30873541215140293,13,10,0.24148906062179398,84.27367176994076,43.71944922312837,54.81453238129337,24.080898720073847,67.6540517994737
28.672398678797354,64.11993622078049,21.260779612159155,84.7289080347025,0.23255235131230828,0.017110506260029634,0,4,0.47891840781000505,63.152855359800746,47.89628196476613,38.69066582987169,30.9272844126316,46.151581092849106
30.361476764881775,59.925713161046524,3.266131400642558,42.82318585834537,0.46697488524989683,-0.049827262040193,6,9,0.3214006801424768,68.57227556241112,52.38440635201496,44.0912588350751,52.1027069588826,53.95403296930706
24.006393382460317,58.02897292817928,7.463556218803488,68.42309576766706,0.3388546991941608,-0.13218020578220424,8,5,0.773379288138484,83.48203078444425,64.7930703404078,53.55705615771457,32.99822357796357,42.18539693236279
22.687332649901215,65.79932799320758,19.2652333159608,37.198446331259674,0.6535593229720372,0.1851843420150388,8,6,0.09005503778215973,72.97437842240664,40.716249993531584,44.89152007949353,48.10063319375191,53.75842105858276
37.793169933434875,62.075648039915,8.887975465881158,34.24139536375132,0.9046097366076186,0.0018006284173469334,2,9,0.2837580958059338,39.01790180534439,42.310691111703754,38.653796799240496,77.92857494740207,55.439200146382625
32.922084641430025,80.03376087779222,18.10268097043845,16.713840902732727,0.6918771971257017,0.5921164912446106,15,3,0.27423857222533854,81.37101332609075,45.99516997681817,67.26515805217811,60.63284482214356,54.61568991436986
29.07524188530452,67.43202180483239,7.586072434794855,76.34412685782621,0.2753172838608894,0.09135576760468844,6,11,0.1906427566059925,81.81832577067748,70.71383640296975,50.60721546489287,36.05570300190479,56.757396400365884
33.812029781112,85.24080563604218,24.53155626859972,62.04110056097108,0.7421776736568156,0.20460662265706347,6,11,0.6437583821994626,85.36243015632658,64.9450083042322,63.93476865018279,38.4381676072534,62.07618950021449
22.226795865239566,93.57277812636643,10.865259018430152,27.727081704664016,0.4052271891257596,0.11790091861274049,7,8,0.9230146590477525,91.23563432755918,85.45344620886287,49.384295652600834,44.63129582724102,39.898674538742384
22.3559667044063,36.91474220521289,24.33139975244127,75.48970737743726,0.38380675359436267,0.3401365731048394,11,6,0.3231282061454709,51.346130013336804,34.71257014662978,49.22345062312415,17.426419282354363,52.6545722288387
22.307143349588088,91.0096936002611,15.964779908263537,77.97204601683359,0.23413879784522168,0.29828077268493985,4,11,0.33092077981446666,46.12316064075122,76.44500985145014,40.325572335577945,29.086314607853414,40.58142264115361
23.425481454159826,72.15329939633396,1.3258092917971114,38.825464469781096,0.6811090137741657,-0.05932020057519524,15,2,0.20066662541291747,35.05278808369008,39.45091190763096,45.25283113344045,56.21850488904364,44.76072913240746
36.367924227806,43.979927530161724,7.7500607978483185,47.459320758798604,0.8001984309276176,0.4421167531144729,7,1,0.12444884834835213,58.753738471960546,22.87425253087174,43.56702533996603,52.944228396629015,66.41704193947828
21.11350394250226,74.59840515018088,22.910831198222663,46.83385047329155,0.21397373651287965,0.2634033567156364,1,5,0.8108987523339602,54.3996344438041,74.8235625208506,32.517959738284695,36.36747039986165,29.215849796731682
31.202352677640615,39.2483936061785,2.7841243196646994,24.266970387804527,0.2097147891813291,0.4997083294743517,11,12,0.046561151728786276,78.3240915479818,54.44586970905351,53.57750456284372,64.84210690498821,42.62989319920268
32.57187285075798,60.65554790788768,6.11407108214683,65.89110188878598,0.8079856883924911,0.1199609848539927,6,8,0.40021202117659815,62.27412597406463,40.98362974804299,45.85149349129319,51.44362241193934,71.02776232302766
24.84630012495212,54.28341542070544,3.3472267343795408,35.78571164724059,0.2165645082169808,0.14231541054339775,7,2,0.3464067459744087,80.23393171532156,47.88294915589779,48.09814488767113,52.41099926445777,38.819653270512546
21.875852255448255,52.40980260778703,14.759230179601651,50.462779783189745,0.2644372739332159,0.1574370757524552,2,7,0.26733271445757245,69.90939437437156,55.22674777032325,20.03902903722075,36.646280068162305,43.91365406743267
30.103537000061564,56.65193139117028,7.91150356038117,79.12921815370188,0.4143115229218953,-0.010659278810385336,14,11,0.7459443559358149,73.86258368079726,57.83183815394664,66.46571821861892,41.09830713997952,54.55416323243652
22.51275971260718,80.6440034973347,7.148123720923566,20.01111115063412,0.17805259942859303,0.15454238979623025,9,8,0.8688852333918029,41.315850516860436,74.52993465275235,59.094624532724055,51.0222871275523,2.412823101606678
36.48249297968431,65.41795750120467,10.378015265301899,84.26079346898213,0.20021606582264295,0.5456907586969375,5,6,0.5037563377671381,87.55196704958293,60.00810702196718,53.48687429496652,38.17194666147117,48.726912540423065
29.39290181959523,43.9324534016059,17.735322876533118,60.08608001356484,0.4559470908390364,-0.19647926247715955,0,5,0.006058117130251728,39.27491389004527,22.37059585691062,14.015233123988793,45.7874603765341,55.3029957587691
24.17230685218838,94.84715861789817,22.90755084787453,55.97169332098666,0.8945492967488965,0.49441383554601764,2,4,0.7495962459853094,42.799411688225,58.308577187736354,37.96806061811766,31.730768466616244,57.73090501664921
37.107644348084975,50.529046530751245,4.5363613825360165,28.127201260054584,0.5189942137743008,0.47411939253642793,8,9,0.4368520075377743,46.89743235590675,43.49639814387265,51.794046098009204,61.470622611817404,31.86965630058149
26.172015352545007,68.65567367464402,10.906163023655441,55.53112768531245,0.5484790381830329,0.34477328010012714,13,6,0.9406109981675586,59.39760635015611,63.4164126243238,69.23338471451028,40.67546991099347,47.18293432974964
29.04769578624107,76.44588638755533,6.866203565438197,61.543257532903404,0.6921048503017939,0.12902460209666106,4,5,0.17892478565644976,58.597280446556304,46.29381544900284,32.68094416549376,51.670772025733996,56.58693820040388
31.64579437319463,78.10950356524026,8.305319469516558,72.85835030426827,0.20674579074652186,-0.1913970259199796,13,1,0.15600834782750972,85.09895487802012,47.85840716459191,66.5010515691696,53.73236142054772,49.593613161441176
24.02923335976034,38.96347285677774,16.397886549347014,24.562308194575877,0.7470768285579593,-0.03864958937563712,5,9,0.805586105695467,42.143582557143695,39.7707940196553,38.877599540388914,59.92149629253329,39.94107137061458
18.465208802435356,48.11616173616209,12.634941363984655,77.03528193725828,0.3590083515245697,0.42015305588697566,13,8,0.11527076780574497,51.72238484914381,30.050062319760187,45.24048906809414,20.357049536391013,57.3918146983798
22.89073151503612,75.2321199348379,14.611777367787246,51.351973519098436,0.5769030900334033,-0.02247948296494115,9,8,0.3875005355387683,55.71766572461112,58.094960117984755,52.73947987827887,48.33513913011239,52.39450262274355
35.19700113731068,84.95476341650284,2.726357662060783,63.65268714669428,0.45325276226246713,0.5997718808503143,5,2,0.2805242054144894,60.20005878967646,50.63862656179652,56.91569852107271,43.44466671791661,45.671118241656934
28.12748138973125,87.77120481372751,19.80989117125132,49.91802470987747,0.3721393044192997,-0.056090828237977786,14,11,0.7101669404986963,67.61330827940513,81.49669270322993,81.93050056855341,50.82861709719507,31.02890749976909
20.41154882031974,60.26455315045065,9.684823244108841,80.88215265276298,0.3994642509988986,0.45192180724160197,5,9,0.6679238700585363,87.4628269587234,58.958290245283344,36.47790725605853,23.164024952625546,53.79215002965597
27.487642658227358,52.187965942396175,5.402801377054278,48.94721751705305,0.7018323352576872,0.029353620365660305,8,9,0.6297877747249184,79.89106606476315,48.25414985381319,44.05447299867433,52.9958525598937,41.921536606346976
32.48720189685602,71.05844506269582,4.696518133438049,75.08398704647703,0.19108025640579004,0.27617255081331965,10,12,0.5315047318427486,80.63829373768698,70.42646942842366,61.95556561969419,41.57211859693156,51.85699532929274
22.556223021727682,78.21835938223964,5.947747166608269,83.64481925998116,0.3253961370401276,-0.010652797121874974,6,11,0.24298586196281913,55.571459229003125,73.01849043769303,41.50404955059912,30.924650662883973,48.90600899100173
22.873935084654537,45.31776711198718,0.230973035462817,40.93147138385636,0.39505292705617046,-0.1750753513386637,9,8,0.626655182003354,39.03562689109856,49.67559165499679,56.36103388236267,46.329244629371104,34.17224098279692
27.30203856928192,43.538199638327335,20.2970375176982,78.98032938156773,0.8512113125325336,-0.020852486646160268,10,4,0.1606227748095368,52.51046461704185,14.53651295141091,37.57988260309911,28.024593987762277,70.19775455794341
20.0619894017062,30.44707071723165,21.37362821576333,64.26388654362347,0.42362710017411886,0.2763997647280944,5,2,0.16838964864537598,61.8555007029072,24.146996716650456,25.726373615280846,20.191427064084984,51.240424883270926
33.337230406056264,40.83134929685084,1.0964570854478994,45.77111627109371,0.7459985462141766,0.3206238684593142,13,9,0.4028393399933684,48.39189607942498,38.77898718982622,46.62585382473267,52.94593748780357,49.30600046924435
23.82526533428683,62.92541059099535,12.167748353587374,57.059456348492056,0.4868323423849361,0.5355786468080732,5,10,0.8791134512366384,70.88244456999594,68.72225070012321,55.48466421555919,39.933623673474074,47.93104915659248
29.840057748977408,31.65956941399927,0.18641078559507585,74.6149278407724,0.18574651447876908,0.21983612026673444,4,7,0.1981712296224356,86.05665778111346,26.211653931067367,36.97619732410077,43.73299280057026,55.643747398024175
21.014883325521872,50.55512616210528,9.948764156756868,32.20492735492464,0.9191464925409059,-0.016278131008335167,12,10,0.15911774709047277,90.87394364072901,38.07458331960789,37.46991270713876,46.19168620532201,73.79477405040585
34.336401349582026,47.85455962425394,13.731747540041594,53.47436674852728,0.6140333022908545,-0.15561121078054826,8,2,0.1611922429233642,52.21692178670355,23.337807727382554,41.900495007448285,57.078049068636886,64.58487756159953
25.14976350796242,47.955999167204254,12.579429255805325,35.60260823843835,0.41460736281191846,0.16220069941668575,15,6,0.9843140117818387,47.72938752523061,69.79369226234272,64.99523780755646,40.07052340372102,33.5037070826158
21.48924287521149,67.7878349907528,10.41752558920018,18.61056810831311,0.8684679359384023,0.13088251223430908,8,10,0.4163134887318003,88.42953832999072,46.764915730774135,35.800658324190366,54.54140344415003,47.85957450929542
25.287141426703588,94.66350627192452,13.8903631422588,63.256631756910366,0.6454659202982795,0.4623393177252579,15,11,0.5632561324703096,51.789696273084765,75.53921335880547,52.899897116730415,42.5099699192685,46.269791179681455
21.294122809817285,48.72533474081666,12.749723237796614,73.56768532843665,0.2822499224726839,0.2897199005676114,12,9,0.9360475203348232,41.652110425694985,67.62148436447087,61.69366331237941,24.38943162641307,41.270346398190625
28.122963112811902,70.4709288152516,7.670845996821004,45.21551456708768,0.5768095641652905,0.2420383518183839,9,0,0.4394817665788924,47.18763482315716,44.24122677094265,44.6654276657867,52.21232979356211,50.60340769999286
22.390083018966862,61.05389659794199,21.86263997782946,50.00253504563477,0.1926518875207792,-0.1680915178294848,13,2,0.8427712776094288,70.4243917795032,65.31657602116003,56.21421701550543,46.98013385304516,29.902619129475823
34.69888825305894,88.23372866843246,12.083375330403417,77.60024886365198,0.3631385312911063,0.32674674094662065,2,1,0.4739342140923939,47.387912723025835,66.84784078250348,50.62584761983296,45.766827113914395,41.09258122041581
27.104606953023147,49.615004403767244,24.78000076940628,80.76675279857744,0.2467530462648726,0.13208594133479584,9,8,0.7334907975299367,55.88321282984095,67.95378718787563,59.60605530926541,22.192352978807527,43.25238687533234
34.7442042972331,33.04570647336508,4.359792945576213,18.39462075903765,0.2979279526718927,-0.196573751493652,0,6,0.5283143955682554,72.49983154014171,41.44278062454354,39.03015203338537,73.99856988024678,34.489444697193925
35.32340861635488,31.472509201015928,13.261878081415812,77.64425176698646,0.5908169733573607,0.28673339723514396,3,8,0.12240884773046701,73.47084474620189,25.443591066193154,45.96958528055083,40.17538615396453,71.58655786838519
33.06619231192634,65.28682872619544,6.432616361375762,27.05105194787921,0.28107733145641267,0.16734162928492163,5,2,0.019718944011485773,37.96906017327233,43.68395026392866,53.05728266865136,62.12087589847773,32.090567078546165
22.90200564670065,92.57510039121235,22.774645987445105,43.3320274069887,0.49552326995051965,0.1000909224604562,9,0,0.29284683925470867,41.992387767883095,65.91181217293692,40.46856952746303,35.95436084091257,40.896886998473484
27.610274296386972,58.74835373297152,3.440869628309234,15.31143173662041,0.29859032016123976,-0.01128619665436742,15,10,0.915438350527215,58.13883065681428,70.0450497452832,68.96596863263802,69.52651263786575,25.962172051711093
20.153782445917226,58.4447728925783,14.120709079069075,24.709532221116646,0.3758205899245023,0.04475439714445989,14,3,0.46076126629179104,72.2246243062251,45.47259582116334,47.881365482188365,58.0601439167209,38.91752627812957
27.586093654355714,34.03904696870202,6.45303749123895,71.28236448689083,0.7288292700756335,0.5006533063179022,15,7,0.422905934358055,59.31819486060369,31.860537239167076,54.34922879196539,31.620759939167208,64.53451827766602
35.71325840090749,53.95043321518881,1.243469138026712,37.95166445458487,0.8197896703279134,0.5335652686894277,2,6,0.9563399400734179,84.88878312508263,41.583653780107305,55.669866629732056,61.564575539655266,50.35597628139078
29.546780061522988,76.77946011311994,4.444652689519366,66.19757382424594,0.8873461743295122,0.04213065790514364,15,12,0.3783760148053711,46.384239330198874,65.19418226854393,59.65947690231283,42.251257796840065,61.352523036001706
30.169007395875155,51.58657720966531,11.208943933211469,75.38648880271637,0.6644881871815569,0.4099214717637732,15,7,0.991398048885621,48.760373778580885,53.579337714872814,80.25084836535571,42.19641529552128,42.17138836926287
32.519231457976396,51.803985186701965,0.30642004662568,59.2560675961824,0.9189955292406947,0.03563948303199399,15,2,0.2817669578263532,59.24868206229169,22.134772809993464,56.47887781355773,50.284009996070154,67.38907708291747
18.800625255985278,89.66626260548654,10.172148997871341,37.970046122435605,0.21659283110894606,0.30734657231614687,13,11,0.04115320005240031,43.280530639864025,71.27454195458478,46.31282726866202,35.83920833476556,31.957813653009865
24.876128963877015,79.77964456378493,18.564226543891284,32.272929749404675,0.2738362989770723,0.08624802593228509,4,10,0.6950633899149783,72.9536612623037,75.00898431860757,49.09697253873315,47.05026246914808,28.173924615412545
35.37491551607067,67.85793276994158,7.453057297092333,19.859157201455588,0.707025317435094,0.3989900156392489,2,8,0.20378097094672953,87.05331533499049,44.63825721410955,36.87617729159938,71.36220139361579,50.58269211858324
36.56614266194248,68.7164321706656,10.41673527406371,40.46137856915914,0.7806907076321563,0.3156842718674669,0,1,0.1421860130150272,86.31059602097625,28.573384191943997,39.16378590232499,57.84066487040918,65.95155614646308
34.56450054628643,50.52029887948255,3.6334427806785556,84.7918453147421,0.17326878688853942,0.2778687349691544,1,8,0.6817893419696484,49.57078140623811,69.3810363732845,58.33015453039513,48.620539435235656,44.93574628573501
31.934120581521547,80.92187657920843,4.723643761554719,31.659054134282194,0.7499098788254626,-0.13120082269203773,3,2,0.4555309061899152,88.02036993845192,40.65108770762878,41.06253734665497,60.86352272474015,43.76536728907328
26.67469947374964,56.75688059770203,7.804501815169907,37.79863668163091,0.6796345361457136,-0.1673315221264951,8,8,0.20120449812587282,56.899856182656094,36.18901240066595,35.39346073543949,68.10026939143606,44.89557496529663
21.268331550805257,44.722862825526406,20.452822963139315,33.73541145418967,0.7465209966186449,0.06495952544496886,9,2,0.727308559627431,61.70706668008678,36.83153773473083,32.524884894305,46.66807295600555,59.208558361528254
25.695892699914147,61.81294345179687,19.636100558354265,15.426319577258873,0.8680034795287775,0.316791568162409,14,12,0.8173895374164858,87.88677843074336,66.064648758636,65.03150433091957,64.84383497933128,48.24892875948417
26.538637195326725,77.5587309254063,2.296200402000739,73.09906542894221,0.3072252525243432,0.5551580876197781,12,2,0.12916419610239782,81.27693830348139,52.641435734336035,62.50325505407116,23.583299137911318,56.84702330591418
34.532974779805755,52.88263445282236,13.434965639233518,46.192002079093015,0.15450451745867758,0.2595697548313262,8,9,0.17455238357527125,88.10438412790313,54.92101480028326,57.48048375137634,57.69191318008627,43.05730229598474
19.270666965906727,74.54549075725075,2.7673720826373622,22.43522138635047,0.7197565436499963,-0.1558382134335431,5,10,0.7961487586478276,43.05942540043266,66.48499112196183,22.185994193403005,57.6457119376066,35.59024037208701
36.889617126454944,43.502497799022805,17.072366398716127,23.980399706397705,0.3113892652116179,0.1607597191066965,8,7,0.998863240391683,36.477795001183814,59.6879242141989,71.4579585453056,59.38323526854387,20.823890868783657
36.25165095394604,87.23412346335573,3.5794687621511945,43.84733846267514,0.7243315749671679,0.05008885422739312,14,8,0.237142863191092,53.434897703766055,66.05062793336015,67.40236192846976,74.81693618652807,58.410946923562534
18.470562196465547,46.56855874716708,4.280123556085644,50.477887635228484,0.2367913710724522,0.3008391017963277,5,11,0.3625188818037357,44.604085000408055,52.55882047989286,35.38646712555289,42.795577469142906,34.09828388239182
28.74374308654067,60.42554979461356,8.177806400529036,22.71124172373263,0.9054561904276117,-0.059165344085395505,7,2,0.14558269210223584,67.50100320583948,15.198046381731391,25.126664759479826,62.060123321516436,59.87438800702409
36.30491552060761,49.91250541655088,4.954475770571332,81.81974928109702,0.7741316697909981,0.07451009987477242,7,10,0.5188142491538,54.76489240088058,36.20737643378856,50.10926531556512,48.38435108088073,70.09751197606161
25.387804470395945,30.06837821642523,24.045393535006983,53.47403532509857,0.610793103282653,0.27991314054183597,0,7,0.29004784477359347,90.3798391197592,17.126547973171625,21.68110371247168,41.094153301396794,57.429520142035756
19.286979643498587,52.764962776912604,4.402435731709803,61.34617877799083,0.826832991298094,0.04220388659652183,8,4,0.6703645038290117,43.50847175175047,44.14210131193208,46.48046657803281,28.71381828263337,58.51562012317091
36.65492152014916,46.0627537439863,16.55672009578216,25.93156564767856,0.2994583031085588,0.5033905751199821,0,1,0.018750586736279162,63.570291802997744,18.923226446370304,40.27761361589779,62.85925654527609,45.33159852772191
31.53477258978827,85.29489107663017,18.803456808223093,63.87695917924331,0.4461143316908086,0.05947199456291152,15,9,0.7167130081772302,89.18353789079832,70.64835043422838,78.18697147055047,35.08083734669172,56.010953243355125
26.53459599153825,81.42365301837063,14.615330305395943,15.660500933935538,0.5887767139386465,0.3068830287534888,10,11,0.41372167366418855,67.74465657846743,73.83008851507131,53.21582179075185,63.53622653786751,39.761107725147795
36.20824679663251,65.62387463977112,13.913887893023638,19.02892251607682,0.6104218951022127,0.14332143190332997,4,9,0.047124916595572386,75.52059791558091,47.42488486002484,39.162904183017375,72.13866353378567,56.37047738768012
26.809046904325335,84.31616183846609,15.139791089869348,19.8116811384888,0.49103980011703885,0.04941716702233362,8,8,0.6145639412952608,35.592691786078014,65.81899491479514,57.13317352297996,62.56273781921632,28.7195470430968
24.073168342197377,57.382781435849054,4.4942926948727955,44.45137098155069,0.2047697425857061,-0.10942617359435874,6,8,0.262572461160155,75.55013330633562,50.13891684283404,32.06225308989107,53.18675751560064,42.034524958541766
33.67903160411124,54.41137675973803,15.567850352192858,30.928420817364167,0.5969132638589236,-0.13498824484198205,15,5,0.18272768153810914,85.35272737921679,42.99122436841655,66.28192010252788,61.70334021786572,55.31117573618044
22.05839566123067,89.27165287335627,19.986644560673817,24.32828011017216,0.7249781547446847,0.13482462162932257,8,0,0.528367320376222,42.41264708483737,45.8756780035845,46.0181192696596,49.35100662347504,44.681523490902386
31.143395168483398,84.09842651920259,15.379738458254602,75.81947137154111,0.4284971997670557,0.2393124615084638,3,6,0.9037907080779705,44.400178290690974,67.26689469036822,52.75707540742088,45.38290000185287,51.944496360828175
25.460295341554684,41.26506939323455,14.601208885125793,44.43976070261188,0.1616963806051435,-0.14412912600519745,10,2,0.7693299595181523,85.84625241392365,49.80625537296727,57.47052538374657,47.631541548808386,25.633817350981538
32.98955258245179,48.921380640329375,3.0972652322089456,78.04771898335702,0.8076483349068025,-0.15702770788381937,5,10,0.09721263778493949,38.60716710391611,31.457646482960648,36.07041853032643,53.233787540028345,66.66166208148317
34.78607144135508,33.745525650558676,15.40218104852931,69.05871822452207,0.5738777464267131,0.5864043992609507,15,8,0.1041430126970253,46.30298668399735,29.886130155818204,67.23820428284563,34.48506152038001,56.29118366350543
33.26774108286567,34.18302831157507,1.7140029016211866,77.21715381067638,0.7663463554852072,0.5052505598915058,12,8,0.32253642193885845,86.65985184896908,30.407025843673676,52.525299882867735,39.72487037783563,66.62124201699422
35.913441694184854,40.13358380150821,23.807419944140783,57.89195096902289,0.6643869839519393,0.5312484642611612,2,4,0.7195749946958622,71.49941540409559,37.36028597651524,43.95626210551653,46.2032670455471,57.35993797810865
21.662806916995606,92.00858184736046,24.216261834430654,82.71893195888538,0.17833553830809085,0.10595853435953462,4,9,0.7528858036578309,39.89680758214764,100.0,47.61307224558761,23.63263555387514,30.522260846904974
19.063223434694553,35.20126265922962,22.772323743247703,67.12521749410737,0.8675044659651718,0.17599194586684214,10,5,0.3584072925020956,70.12950447496914,30.574041957731122,11.320835743379423,28.667472856567827,68.29347373729082
22.856018604905543,64.2564332040044,5.586115418245971,17.62890763942388,0.695025484210775,0.2391850191480997,5,9,0.08762291140653711,91.7449922065307,48.257323552364575,14.746964784795765,50.400884240846764,49.84022982307327
32.75132322446594,87.14968069288177,20.36665665201946,71.82418547688101,0.5065305067084261,0.45599195822301825,1,8,0.13245139814420437,41.50851103167765,56.16341769591349,38.93841595708023,36.6503284525013,58.265080892810936
31.19180713742437,55.749538430739506,10.348295204404595,57.367105257230946,0.7354119692084883,0.2514826455592993,9,6,0.7269007026541818,75.20007934470107,43.500792285696846,54.80711180216316,47.754082774582734,53.90830124501343
19.493862400663037,74.13565183101878,17.91350485004857,51.65390186812791,0.7612252127903174,0.040198486903441216,6,2,0.3507339517432785,58.37287925787072,34.74039570668505,23.19310650437123,27.02573730707367,66.30690329293905
25.32434169600515,40.29689137410557,17.16810498895128,32.37203147518259,0.5545479382959221,0.4334638745557475,6,8,0.2983739906651327,53.97340478513143,37.32175797551106,30.430065419613697,43.63338374873237,36.197180955952796
28.252264961072573,60.76846585783525,4.960983415806558,41.38956732793761,0.4062751439826263,0.016588546263541476,10,7,0.46227536028028204,85.68426806293604,48.35294296959579,58.2282348879196,41.33509522666096,46.700453666485714
37.89722807277218,86.13400454052001,0.5924350529683681,32.58844854945262,0.1833735533217732,0.45662350163293325,13,7,0.5137185411670538,66.60364327380208,73.96929135434357,99.11052411381284,69.36017682068729,31.18423108720998
32.68867660357662,73.74670714126876,8.302937957805506,72.83840405892798,0.7009688777804612,-0.09736214166057772,3,2,0.6371084131782386,51.49671961269349,37.35515532390773,47.551259578646274,51.351164927945305,47.903204246344075
30.147709068589947,41.46614786553697,17.812415259080527,34.67088252510699,0.38989976656334985,-0.02120110314071394,7,10,0.959813832936877,63.072491374651285,56.188881940975264,52.831098873930216,59.869941310292646,32.788699087814834
19.697079748664102,92.82095564474494,14.71284441561565,51.241785095191425,0.8024599792627739,-0.1779619029668351,11,10,0.11660404556851656,82.92435163960462,59.859875845974116,35.06064116589941,50.201930877190875,64.35972554656087
20.76741385787207,81.85859404873088,11.621778096447274,76.69720930483837,0.6392805400491344,0.2988230034963264,9,3,0.13368052355173354,89.7868262811109,58.78818534347139,38.75110269103208,24.878500894029447,70.15561572438536
29.89172438605626,81.86571761662648,19.429487070781967,75.81611824354874,0.37553510819252267,0.17260110537205903,11,0,0.7468576231363655,52.23355739211013,55.26860886028344,61.30302384391921,41.6829748619714,50.6738154918406
35.54905829505911,32.98590481193698,24.811467744375342,32.34455901077862,0.3882639382564591,-0.0005314166476431126,1,3,0.5526613561036466,48.66920102531544,36.6978672964087,37.91867784998988,55.70784000578399,38.21671016143144
29.886456895746463,39.602356565169465,20.402890038532064,17.609242159512707,0.35342758069118263,-0.15435286645443105,8,8,0.3683710825935145,72.1667635426774,45.86364747057867,51.956894674788614,70.36807527230121,32.58950901184242
26.604530526920072,71.66918360248818,13.651306151885844,20.269863639480107,0.6644031089787966,0.04709020393220875,13,0,0.15559555708424522,63.36090046704389,36.01199253573556,56.00923282698025,73.60006477756136,46.27163216096206
23.7295436278796,70.35614099298701,19.980409506279504,41.98892900506242,0.18603980519791224,0.22835641684710473,7,12,0.9689918663769136,47.59826505481759,84.8109894800901,45.67930848191121,39.0901693300492,23.18130512267343
28.01737459053538,65.04998624761902,20.68481655588771,38.558057312119615,0.6636629648578606,0.09295317357010024,9,0,0.3780151073363489,89.15196440263568,41.41960772601411,50.019275392397454,43.37115978434436,50.42566188713202
36.15890493088514,67.17745445752902,9.40701860871328,55.647436795646826,0.7782669178934222,0.4889898736147635,5,10,0.4554763784417377,41.774905405503105,48.94975294828976,50.91567450658676,48.54969525498706,47.71187934013127
31.10746900093256,85.51957491641555,19.57088884885759,75.00683589295838,0.7352529535320858,0.36259151752491153,14,0,0.6261023118092105,41.86746283592971,57.009714544792814,63.27535924658681,30.682090124357536,64.5409503805817
36.975448104104245,93.63345681227668,22.332099659349552,24.304823568389942,0.826354710512235,0.4709097078309163,1,11,0.15168561711649142,41.6571341830791,64.20515450370875,39.115660256227535,66.59136347208667,60.951281735392485
20.488850556591288,31.34122872211558,24.852261744177902,76.36600713844729,0.8525002055999907,0.027650455417694786,11,2,0.4258665581754266,60.83920403174639,16.763825907747965,30.31738985245895,21.90437487109365,69.14339038258632
19.921542643442013,47.300518193660764,12.55331971586578,45.229360079428815,0.5696767542221949,0.4792525189099253,12,2,0.027664180906311953,37.17885038111622,21.518604650849113,38.19754197281116,36.64478516488873,52.037599831481494
30.702264039499426,56.204311409308076,3.8628677039036856,43.09928376104354,0.4059596531089933,0.4960207046857102,4,6,0.22619589995452882,51.46166080849945,42.496878166257495,45.09633560322788,55.74423364303004,44.62706217297438
21.659778670537374,82.70681116419067,13.086669665777032,58.809030116389046,0.42545339007011584,-0.145057611560664,1,11,0.19189427212540744,36.884374431071535,68.0230144554694,15.37282799724177,32.216213946246306,51.63820946530652
27.83219178635991,45.69804939606429,8.715660583987969,66.04686851902201,0.2010926914625834,-0.10681550725343208,0,8,0.6069717344671073,90.4303445185162,44.78436334696655,37.77395520096278,44.107378682975465,43.89300451042169
29.057239470703934,42.8548629077872,21.118251447026708,73.46130470486807,0.48081440391880015,0.5733945524102433,3,12,0.1292510889476195,55.95968687545066,48.888681337640975,25.79747696440883,28.002392456710663,58.81567954541318
37.04100441933409,56.75307848404558,19.06677146368781,42.06937544585216,0.2514952942225033,0.490521224128678,7,0,0.05594087397445002,55.76991113613147,29.845193317069036,45.24988221979419,51.441811618617876,48.81435294060998
22.899617179803247,30.35228698818287,13.370047829510046,23.165214032093026,0.3713721423734329,0.3129518641779316,4,9,0.26345562685602253,53.76403925071834,23.282908369774034,31.913759608138886,52.46380611395561,34.974007666652106
26.900705916630642,42.304913348037,3.9177114071402035,21.711567639075984,0.6429318610433521,0.28966580392151686,11,8,0.7733000080093962,53.60240672917682,50.12853020789353,32.94261268876462,63.776612977863024,32.594499675922464
25.169112908651236,48.397111724071266,10.562926739475353,21.792125237335092,0.49748598620577933,-0.16548721352380813,4,0,0.9314989394746928,74.2922010535099,50.32359332722196,31.43351091586131,68.06647086011671,32.01043124506624
31.047602678877293,69.16132986697778,11.505112574291951,39.19879214556006,0.6878812777197181,0.5847847528126515,6,5,0.3922052040142008,59.402467924807425,50.38242960257459,31.275000327236945,52.453471200656175,59.26472799757293
25.43004747653445,58.001800108363625,0.9178046895112424,51.9471481414875,0.7747633326725288,0.3284542345660085,10,2,0.7280342413783699,76.00914056092573,40.01316329261487,39.01854538904035,38.901255988066275,59.45180006029427
20.721446236668825,42.66450279324898,12.149237594195132,18.09016042246149,0.47000753215331403,0.4305752335997786,9,1,0.4599487369365248,91.41684630279934,31.09455791459803,41.13245792084205,47.02446706057353,35.542569118850736
25.915336198115405,48.843930834005924,0.7847904979974396,74.22353480249377,0.1748932267005212,0.39998649926665547,5,4,0.5986878105046501,49.11764603933925,53.256519470162885,47.54813927355779,38.36810238360998,33.68615942358601
26.727178948651286,58.90257306894072,5.39947872698657,54.553461237649174,0.2623704788219095,0.20779933865486405,10,1,0.48554240885513744,52.76114612790674,58.76031364824369,44.73556474066285,41.902648872595385,27.796394632613282
34.36997807753749,44.667405539261495,8.80206986585647,20.256256644323365,0.4739758020125501,0.33495990965994477,1,10,0.5659149117991552,71.48414216680547,42.561406132714,38.20596849425311,65.8716393171533,39.05461173638122
19.823390710655048,90.9415508589287,24.088034101479412,58.13801041217462,0.4415506999692159,0.46659163277124155,2,2,0.4293923274296819,55.3499860430343,61.1545418960245,31.965083341432667,23.13480721976014,60.120901370994474
27.64385579316605,45.94634380456369,22.122891579612048,24.688195931134132,0.19181891241274465,0.3635432268400626,11,5,0.8383648876030845,39.25388897665077,50.023862401485886,57.74339254412766,50.04868828674887,30.189566454767228
22.425825793613036,68.59171595542449,0.6454248552867609,17.477267965408497,0.7099043420523942,-0.031867870006150684,10,8,0.7499221615007585,38.38187644632315,57.05359391250506,45.770464124564164,64.23864058118933,41.45207446067834
34.77259966729706,66.44737111117465,12.616631946179306,82.7988367631929,0.40756943515431654,0.512623429181357,8,9,0.9285281358522389,86.7447170074602,82.92062970194779,64.92352709099985,40.21967870685531,47.93739923088474
30.887470563569735,48.125962285483126,24.128706790707877,29.309549652314672,0.534673041335998,0.217189690255349,9,2,0.7225288223332409,40.065428358273664,39.93902324361495,64.45090342971292,65.88648895446751,26.62398367257637
21.135480162956995,84.98668509443712,23.800792463830618,25.68855854498438,0.6827317949586958,0.20466487724522064,1,6,0.7064897186006882,62.858208462176925,67.45220906191994,13.770879685067705,44.90918215875493,53.40836291305408
20.198050232967713,68.8423919606866,4.607176555872256,74.25777185463605,0.5958638444672334,0.12243902613621688,1,3,0.4368446991896344,89.5839025775393,45.460320196591994,7.366289858746901,24.651929861269956,62.67957278348639
26.54847899761588,51.90160255215524,3.772993883234785,64.96664499418554,0.8222338036903903,0.5244741193942126,1,11,0.4517838024379929,51.19177295558219,42.93087713136693,29.600301180287126,30.29969171340936,61.006745420436545
36.38538522656141,79.60902400819002,10.82976389089764,34.15245629258389,0.5349088818417853,0.06254235568437744,6,12,0.5079658434499622,61.90721114994847,64.42586998789879,58.11531848662652,66.59166853260798,42.191861668848055
35.384156216609895,53.335834089346896,10.814460748953856,29.396693966450535,0.5761166198657747,0.3616440499428664,7,11,0.05160766497226266,90.47991885286456,47.08431755118261,46.9631368284318,68.04875106388197,51.76661579337718
35.51451503332885,48.940361257736775,11.570528363930894,64.40166379695629,0.821432195067392,0.32685692987688336,6,9,0.1733267962959556,85.01224617839492,30.304578809067582,40.79551015685071,52.60061910743478,66.67626425573032
20.73303940155953,70.69135850661613,7.971578737402382,24.33444436263453,0.6128632602562245,0.4071881817777884,7,10,0.15551260101227238,66.7414228725767,44.22242977066637,28.33942176580228,54.47180395416389,48.48502228456857
28.492683127905764,42.65431029602681,18.106064393172478,82.35496989323241,0.3107417265292841,0.3192776094108261,2,2,0.018006858979704,78.23758907023134,30.732342185997833,34.94048544626277,25.54330277269957,60.720882746827044
26.995488835945558,43.18796666239107,21.950731817164364,63.36322266212674,0.4127538795841218,0.22225625824571232,11,8,0.7828577166454253,39.568390962620875,53.49054035453523,48.08101865392173,37.46960715337903,46.21434037035591
20.729232604276966,56.72495396347435,11.040569659045762,22.636297457424067,0.8558281693507153,0.27931674207016605,10,5,0.5069071834722066,52.909256728721985,46.935169551897786,42.212605585054376,39.42274213891785,52.7851743040168
34.75959396468136,82.8321229426802,5.640230105796104,25.718617802784976,0.6813743201788157,0.1749138050731167,0,8,0.7606272321111164,51.8328699186508,63.71646159647307,54.1614744066713,70.46904847893241,37.09034569437337
32.934608917614334,60.682531493460885,18.09499413996608,50.730629834954335,0.6989112259145971,-0.020025401763419742,2,9,0.7151240234570178,50.19652530180312,48.664568936925306,47.917572563185104,64.21294477725729,39.696863803769276
26.030401653605523,69.468502644229,24.794253356317597,54.79061879630029,0.23857125387138228,-0.1636553961769913,14,10,0.42362832540184614,49.06833476586408,77.89965273229721,61.56139317956359,39.911228572908705,33.93744466657139
32.69851177555398,93.31091977895264,22.212594169746083,32.81830482502064,0.6574756092579661,-0.18356557237748491,4,12,0.26100610880259656,72.89332033654429,73.52645427589485,46.89901797349122,69.76421699688582,52.320107122209656
26.83954276170815,60.682445464524,9.352267831468398,56.04693224103498,0.8544286085010268,0.06159129144023129,4,7,0.8774625257433228,79.06073752077856,46.764569173560915,42.0345057218033,41.904090688138794,52.71664207129616
29.507072406303294,81.11536499565054,3.7110762962244417,27.555927444389262,0.7291223382085377,-0.08039619807069993,0,6,0.7316480902109319,72.12078994061282,70.108819636787,36.03491226217973,71.00510555193435,48.92651599715765
18.88914952872761,44.27301846531162,8.560877241545942,84.96425830062101,0.38307249155722733,-0.17888332097396403,0,6,0.08360538497397707,50.621853125656145,43.99031194972764,6.987863112060784,21.449231350299527,66.38792207889655
21.432750252576987,37.99140266613788,14.67663533372005,50.395912274815096,0.7220072699229414,0.5138449825854878,2,3,0.9229919866553971,64.52553103558344,37.17520297935349,23.876315833939486,28.7114225727193,52.73587035990948
32.43243070059933,48.198549665149315,21.587297939080447,31.819919435058942,0.7967031977034392,-0.13716402893403423,12,2,0.38098458390190815,83.68116422949622,28.171577035552215,52.438599993988475,71.8583285256406,54.403706797058156
25.054688085206756,37.67820472994403,23.607743487978503,45.672480352654944,0.6815550712442698,0.2602141413312249,12,6,0.616577623556849,86.20551145353845,40.76377000705041,44.13024773058036,38.77007361576724,47.864510443134336
26.662424149726263,70.60966065847927,11.08924500410409,68.03300645103386,0.8960626123121599,0.5678922859977835,5,10,0.6017588970594852,77.71192332003221,53.34423523095421,48.42718574965902,31.602411627122486,66.70865957318236
37.334751493441516,86.15015652036968,12.842465461748171,32.790660168330476,0.6835909118534123,0.14784086763994203,4,10,0.9995181101809494,54.897708626922594,85.48264659378559,59.04080682553369,62.829379653863484,40.089047605744696
18.348501054338186,37.43571123108291,6.792393681816758,26.190394313663653,0.7137625066155584,-0.11551616730567976,9,11,0.22111450371095287,41.18966516737936,34.22776723349751,33.30094181864498,52.48272951226305,48.52038282090942
20.232320933443116,94.0442350103562,3.1346184767488823,43.834814864931474,0.8057701167975387,-0.004090441215674534,0,3,0.8084995158907329,50.58036045994472,62.53460440452151,23.865767506303783,47.492519600813765,50.69774725915182
30.83626448358442,67.89592730438073,5.039737771559078,63.99623298000454,0.6714860756323263,-0.15162914085970805,10,11,0.5794133629298055,80.17061221920078,60.55586369649672,70.62602863334091,59.26337509709794,61.234115849243345
25.72067067238583,31.53999789556023,20.456350616346615,29.42657344313085,0.4110545952610659,0.3025848062217042,1,1,0.07199576613846315,36.465114979790634,16.222592297336625,16.64537751844608,47.43570854508841,49.08103729069606
31.38901587123887,64.1311617306517,13.022998337930963,41.38420039188862,0.6118303350854157,0.5670331116365634,8,10,0.4242266170332375,53.949355254854396,53.396214763945544,50.405926202982826,39.90335474386351,48.10481664516759
32.312584715518355,82.40433775036395,11.924912931586814,28.459878329959203,0.8004711624660291,0.09400667604265178,3,4,0.5100161823534396,59.799915742923304,47.384018083004236,43.08943253818815,61.01554745137667,51.96924539056518
18.72125418879451,59.72699165496621,16.513299159630254,77.13977609293897,0.6072153947385454,0.4595874169914628,8,2,0.35280943622785954,88.70153961389843,37.598319443162545,38.45666494923791,21.02112727961331,70.35215552193206
19.17579323134032,88.00451175717686,20.453737710383386,46.93758013095069,0.3651687789939945,0.07433648514122443,7,1,0.7217897413057226,66.73018182362689,72.27190664828952,54.610350223321376,28.758631215136777,45.960883252436076
27.169700212506555,62.12032335993823,4.16993034559506,52.21061476981203,0.6166024890820293,-0.07412436894520377,2,2,0.856348715633756,52.74908389019256,49.68056849565517,38.28103015994543,60.611820179401576,30.223467357584315
34.81152866876556,70.63896132729326,11.23642901284985,42.54965649191523,0.44185292032930557,0.13471447832732625,1,1,0.423958371003167,57.198359710549404,43.848379842478,42.88027041713838,60.39940124877429,33.82828019383031
34.1233499351206,65.27472288474972,21.352094136881686,70.72469697212017,0.22567911900953028,0.581605094412794,2,0,0.5968380379296185,80.17315603105544,59.46197364577385,59.016239712091114,30.095359590760296,42.37670699366082
18.16923038178662,36.16603195722724,2.4602398530011698,57.7622844175625,0.5549162278411353,0.16437064013851366,1,8,0.016826137012448394,50.44605844069666,25.706544620022875,6.693644973990696,39.78110762600296,58.20139739343179
33.97457478456976,87.53607816272768,10.341506767342986,32.03486777441939,0.18385818453166786,0.2728662575158848,9,11,0.6778880255203257,53.08317007999986,84.52062989159926,63.78958146650719,69.03677790448593,30.20061882191561
25.838193533327082,52.65286910872509,14.57471564696385,47.52804923861369,0.9023761787550341,0.2131115388225398,8,5,0.39493354312853624,66.23257718494764,15.862547908682668,29.094049553540664,44.10766875210305,62.57559010577661
30.339464987536093,33.95504672524065,16.383872952878654,50.348055201108096,0.49883010800071403,0.37540239256636104,11,9,0.8462608634124593,56.36377788659449,63.68687671577938,59.39287366601265,42.11416867271305,40.3468022614931
29.110458142116705,80.22504650825054,4.7510222123038295,53.89984929189777,0.27173837748659496,0.12580155143279353,5,8,0.4930716083141704,56.63671759031433,68.45500294169845,48.32008749040305,51.685339878642644,42.80307392988908
26.487305788699878,81.22474029322689,4.198405995035448,35.00547339774179,0.4103258976271452,-0.11534339783638137,11,6,0.19226013412649567,71.14859569863054,49.83460412459582,42.457275877737075,64.09458141915005,42.0833818748881
36.72901829416977,61.84270647956008,0.8350615765843561,55.20598193020108,0.5799132428634955,-0.18801951525072483,10,11,0.6199706806164247,77.44739665444033,74.47669714575112,47.16559719272399,65.19792749789285,47.13918236392348
26.014400150953303,40.55123038694589,1.397885459365683,59.53203531597598,0.907202485405871,0.5166355974770254,11,9,0.9905979289928608,76.20121093640006,57.735239753121334,44.607392985557425,39.19745302386635,56.524803062640366
22.036369871260906,91.9775659638311,24.889938168616236,40.96551440851658,0.696106319279443,0.12621658453059242,5,1,0.33692684770210857,48.302186826792806,42.759870309372516,43.37193985776959,48.97724210699813,50.168709462882305
36.115140636596855,35.53940892547437,8.118916093880863,51.99149261518448,0.4229747452573347,0.2140856760151098,11,0,0.6485696333643778,67.11829168869544,27.394900806906424,73.20399581173297,51.101642699362564,50.972258521481294
22.528703801995526,62.50440224242982,0.6513113094376743,37.97685796695281,0.6719616660446877,-0.1130263682509126,15,0,0.6521786052913653,57.67315910511397,35.55692245721481,48.83457979832532,49.30496783020546,44.02450424948446
23.286544485500645,69.55989301826108,15.704823148205909,58.56414552531277,0.39776953256353853,-0.1489986108661576,12,2,0.15441942802223374,42.06231970964868,48.72065231079435,46.653160762213446,49.948735052688285,39.37551458464546
25.201062549882558,64.26137579621006,17.39459158687899,37.20187862607672,0.5177920305345819,0.45368228026620167,4,9,0.8084494114928407,91.27838932677639,58.083453152507126,33.04360750573273,51.249822032694254,38.83192538073204
32.79747809665869,78.73253560151046,22.14362873237049,39.45251726652388,0.6531806442061712,0.02423234527748469,11,7,0.7511751401719279,80.0870619112135,67.79304286173686,63.49203096105139,52.61288598382108,50.42987764941713
23.21034810385064,89.28890531848859,7.724238560232899,83.23315334819272,0.3359381256158439,0.3784568699848358,15,7,0.6968700495247986,71.70560295672331,84.47761604735163,64.42961478624342,21.522137844111327,59.18088851575582
23.41650868893799,76.03423372656965,12.351865699391833,53.39863878337808,0.6093669506428244,0.10610341838765597,12,10,0.7235348838965485,75.71506649500749,62.99032547493716,53.85661541237189,34.88071776549253,58.13988745351022
20.38385368781276,71.07733347860119,17.923163648394887,48.405428766805166,0.3719204575718411,0.24002996216887923,2,4,0.9091240710678165,55.33716751439553,62.01223987587166,40.78282752565661,33.578094073274,36.85888746557715
29.296847019958168,64.9600167257706,4.3299271658298775,56.834671827189005,0.5868664098702665,0.4188900984332728,14,4,0.2487595236636393,89.2195335573342,46.66630157134644,56.26169215665563,48.54923939760348,62.46823342404498
33.72072635291687,75.83555776513771,24.22034310657893,82.59055111161683,0.36129618098493516,0.41315966497873474,15,4,0.6291979388295943,69.0715268424118,63.07442950288286,76.08882109488633,28.326362052873982,50.69846124445696
23.153049826955474,88.95208951076656,12.96581688366716,70.7824217188552,0.7955000491225502,0.387954478872433,8,5,0.8638593938409828,77.29683593929246,49.56093752369939,45.175835945897305,21.346245389933806,59.314628008614406
35.80325115194151,59.540012330672795,20.289267400721073,18.76924523113654,0.15099325723136803,0.22263399168348547,8,0,0.9765430134530636,35.31356692026853,70.93903027396965,65.29671461859539,71.69397820805096,13.475154830945932
18.545668525277303,31.750824751570878,13.834334293117214,84.06983853218968,0.9044256219852039,0.06981837783141265,14,6,0.1004558057978161,64.7640807915287,25.182721910874093,30.113093256938615,13.997516332263393,76.09978898385121
18.01910666846961,44.880695330016394,5.247989083098453,23.67203421236789,0.27789793380756844,0.30073003629231015,2,1,0.7385316090207217,85.56028766182786,43.08562834775705,30.429934212936043,45.40583672897226,31.53365614967836
37.23914371570085,92.55243811379628,9.547972097958551,37.80540787682854,0.5427081483394803,0.033350473173920564,15,12,0.2212213900245774,56.041132884417806,66.09387092751268,74.24519198602123,68.44483473285388,38.777425148667064
20.80722002913517,67.96142680370217,10.16592845150042,26.93757082822183,0.15949884662588848,0.01867464279192016,2,0,0.3767684712967352,81.18196177486271,43.306201088748274,29.445575005432175,45.46907826077654,37.15614975616697
31.306834442040405,44.108009705286875,7.589562630816463,52.08806733784322,0.7634261356345599,0.16945018757034608,13,2,0.9934656902803698,41.5879919621591,35.43473983306765,64.86497182801867,48.344096511034515,50.099673946628585
22.16341882609244,71.11785453069072,18.918745311273295,67.1980054471156,0.35910533531893973,-0.055104489789054883,15,4,0.4798444803773918,67.70550258262956,50.31696221864101,56.89266175134648,30.602248126716223,46.69353069285779
27.577609978698867,51.80333181831747,5.873204488763354,15.717175226843562,0.41138571733943174,0.004893014171697185,13,7,0.0623017702837122,50.41961701248146,33.6330497117215,51.70181443101941,61.028697781366176,42.127638196437005
20.946692008710876,92.2647891299678,14.609811184715335,62.53793566004475,0.559138540017478,0.445226598116964,9,11,0.3827105435976298,74.3314427971448,58.66280448659242,40.61492145202059,29.677689074355097,57.048406871547094
37.11055736845242,86.44870046001672,7.27091375865071,84.84301199630023,0.3941883094085313,0.1670753491672598,13,11,0.30459635132804086,60.68079621008751,68.76974968763463,72.34732360962376,42.83863622996881,59.19447907305137
31.535486117296358,38.83801035392416,5.818286977523435,64.7963342626738,0.2702927646875684,0.13761540979191178,5,9,0.7654683844300053,40.4082271842851,48.32072399547264,64.24968787091458,53.433539352851945,36.934083320715594
32.56597730681318,69.05792972304506,13.96202933514611,66.429244222971,0.9194301243132,0.2628417994527083,14,10,0.7442737173155829,83.78107891592806,65.97729083543044,60.58713089499017,41.221869876969876,59.517729220526675
26.985901257730088,67.096975039746,19.951068362137715,80.22001360344724,0.4714101854028898,0.3743461164348996,10,2,0.5345519493545235,36.242872333489636,48.52937052539298,56.812060351549995,31.402877771813362,49.475423785775554
25.16793468611603,30.372508546352886,2.887146840573723,83.11424574622166,0.8601965319027856,0.06007453046491629,7,3,0.4364162936900374,74.32658168788815,8.033526492153564,20.51425307781228,32.03795609164737,71.20068643161068
24.498600224224234,40.59222097617479,16.471001736141186,51.86416532716574,0.35856460031742277,0.24308998504499313,1,6,0.795974856566028,89.49110335239149,50.75268163100471,33.177607976448265,45.58129513735153,38.57625238918574
25.486017942849443,52.354032705219865,0.14098712056292428,83.75434122461155,0.6170094909272476,0.12186289913914033,9,7,0.04052703409626246,44.89810445162512,42.6683553487545,36.81028431881728,31.984281035057514,63.424696682502336
30.028713519587743,82.99227077984537,1.7065776387975156,63.362075750189966,0.7010048492325419,0.02013083974400881,3,2,0.21385247545599917,46.29402921562367,40.35041942145032,37.69095024200326,52.98317546737957,63.25413118437337
18.537792806205125,50.75386575898162,4.796493093326026,84.20634387870577,0.3833071514752574,-0.022348731179588993,12,2,0.3738529048034903,69.53338703389994,34.34882377581842,51.07563256722989,25.462917948559493,61.50309945774537
34.92990692506797,66.98771551529828,7.247291796977503,64.2511080024779,0.7814496557777069,0.17235252541117208,11,12,0.8790968791913134,46.226416170933014,66.83428385850638,70.51944300048632,49.59625381535797,53.05828356474955
35.068222855648585,69.70673127872416,13.442649626343343,18.420193473063435,0.4951932097140892,0.5264332496364061,14,9,0.050953978056153426,85.38756008260941,53.94278545041909,68.78612814451162,65.15239723152817,43.09250256608192
19.09178099852852,50.82463237643623,15.722740472568471,78.90391587175222,0.4255026406897986,0.4880190263067627,9,11,0.021043880457314312,48.647386751894295,35.063234325767525,30.56963289844038,15.943430821338135,60.77177696221574
30.2431723472407,78.08537250406889,17.966460693628044,21.010955859325293,0.2718526393238469,-0.0938182821925472,2,12,0.9135426483529893,80.45249936702729,88.93336940446791,45.690242279028226,70.41218826901456,31.5740331282708
23.34182553274826,83.88051379668528,3.6112849879818305,60.2325418027053,0.9075988911076485,0.34964366660290674,0,1,0.9078495019625249,71.65554162830699,43.82289630338228,31.86050659290367,37.45062883049503,61.99572279939235
28.626429656244586,59.40908094916698,1.8147856580916306,70.0949088849151,0.24733704260421596,0.11565600823064826,3,5,0.28004079208673793,57.94290617598185,63.68812594833497,34.43082916988955,40.99597677056261,63.13401785436175
37.416652997142705,59.807948551960834,8.175492808614646,18.323745444476053,0.1783756862697409,0.11430559651632166,15,12,0.7307085434015644,54.908356875634176,79.41905323320452,84.58839668552129,74.38945688148739,23.909574336908634
22.230864539676656,87.56652006305173,9.029332760442257,61.0578275146025,0.4495663430969159,0.52138513437117,3,8,0.48825189028129945,42.53214924333629,70.08316248289741,33.57124500494761,33.004191428008134,46.22748007407666
19.088808547888156,50.41499962642216,13.420710030053689,38.78700352303051,0.5170853766417205,0.011453001864787093,5,1,0.03685413861685172,43.98585419999209,33.31037541904895,29.85035895587504,45.67706292362449,47.98339597300004
32.168402919667706,39.18186593389606,6.903246691316586,60.91314837646269,0.5188795607306255,0.416074031167271,11,11,0.8233725913706561,45.49983971286173,58.5412605998677,54.1723989423689,43.30989466545478,40.92438385598623
36.508977354077146,49.38402630907896,21.00853445033896,52.53648745154676,0.7835497232281197,0.23869187390400087,10,1,0.07921955107309742,89.56149150493235,22.70928856964194,53.92758141343438,55.14024115083801,67.49239479461016
36.89993655788676,34.07579818120643,2.976532184557479,70.27560608372944,0.5730453083319068,-0.09717059363123842,7,0,0.2242343482792274,49.866212049485455,14.319373453853892,41.027363387045234,49.24702814994968,49.79787675556126
35.96471659539436,55.34441212183032,7.985343147588941,84.99025937455212,0.7423921472096234,0.2298816647260435,5,3,0.3213054528851047,64.37576788327507,26.57011263497722,44.871801722057285,35.5226737768009,71.48351952334399
29.783164888182668,43.74562369399825,19.124679470031197,66.60851640642899,0.22327163952166834,0.2759954978079362,9,8,0.8355681745738773,46.74719719830951,59.9690648930539,69.39762877102821,36.19124221339373,40.590697351372995
21.956089073463392,48.37879588904505,12.410145111494991,67.41258384211919,0.2937789445549629,0.5941214355996294,8,2,0.5993779677221475,87.94960484466637,38.66582146143898,39.91361548402544,20.753074161796036,46.86336072448774
18.193261075204965,58.21967098342423,2.237973158457576,40.0426793338977,0.32228195104869795,0.5330773779045941,6,11,0.8189428485310084,75.69482500959728,67.00570874162544,42.01229362715192,40.812354452931,32.06771903610027
25.38848569508962,60.724633318313806,12.228734705949734,31.794969292255445,0.3919082911688411,0.1347116437308013,1,7,0.9558192060173925,65.69362274258528,59.72229045516449,35.531156055018975,64.13163598222795,29.409345599682396
27.642214405088488,67.20801124611299,0.9604233942261148,78.43510155831697,0.8836437951730967,-0.1972144610523106,10,2,0.18019417370894997,79.53435748495153,38.05669658240578,37.927169339077416,48.73398072900979,84.4473767430029
27.217137525862046,55.17492934584195,13.034505161030738,48.609972818010775,0.36142968205008086,0.13964482999507227,5,11,0.5028941364792451,87.23402539407542,55.275552734499136,43.024321719051535,44.30732123757958,42.07519282271488
23.286432259699712,31.270748156793246,4.018223579442326,16.51570125224258,0.8792382342564001,0.5999816163341554,4,9,0.10812816375158762,86.23989123896102,14.309509141281543,26.350202422884536,54.563230144322944,59.89831173859581
18.481009513465423,62.60015928649319,18.30988583137463,28.175776032743297,0.49171874157908646,0.2260241033479466,10,9,0.9644537107931075,83.35170623624461,72.77184971838261,55.22392357422589,49.58197809813515,39.160301363949614
19.18725760517847,75.38926564823333,17.908420003240074,50.87362535869192,0.8201984561599581,0.3379494422053428,14,4,0.01969435359863425,38.372213850367764,44.37179763256357,32.953024378851424,28.96871206540488,57.52065302881443
22.604227175586725,80.73336707245772,19.282196023794285,41.80572897896452,0.2827205738199848,-0.11127329194922463,12,1,0.3912792508993721,37.59591869930381,59.043604228003865,62.73178965688413,45.327169799724295,24.41928059628043
20.585318917907983,47.42512085663081,23.66366111360022,41.84863278538165,0.6492727189052082,0.5809014233300716,7,7,0.3053459492287359,65.32106198926755,32.93947712903577,36.186367942050445,31.38314864518059,53.72512534264124
31.425608577991913,49.39143473362863,5.529035480182615,62.81536208104459,0.8580396898846675,0.03931127284168853,8,4,0.8542407251937729,85.92242150537388,35.71840102549217,43.18729800163829,40.96326510606386,54.3308676468545
23.91529730282362,87.45133334276932,0.9158735450886218,59.37163287453906,0.8477596516260477,0.5813362934448529,1,8,0.9499229570223799,39.31258936962884,61.48068704688047,34.16237765665619,30.418817147285225,51.73901927407243
18.561051124964028,31.178622279884788,9.174237352659153,33.09765767536312,0.8021378534767267,-0.07161247738251017,14,10,0.5544596999906632,56.5113309700843,35.32903822514445,47.8628745694912,40.96082001788089,46.33722692553141
25.422551131054632,88.8723349910056,20.529795204769023,71.78300518577566,0.6244728241810424,0.5103652661566416,10,3,0.7037061351632893,58.05352131633788,67.51109692412778,44.226802054568275,19.208917203774647,53.53398735595298
29.47726904329649,88.32591499392456,24.640892812846374,69.50254618382559,0.20019203262814564,0.05811178747509116,12,11,0.7683525058504805,77.30728504839234,90.60026805009748,69.47013295789621,35.993347343998266,45.52136384557895
23.875605835301418,74.51407172556327,18.155213085598916,74.11891925530702,0.3963119048444021,0.3935114134705617,7,1,0.13806172895190472,58.78815428988389,49.73098768339165,34.18037523391228,23.29559000049428,58.461657819893794
34.766234437845576,63.076821315851646,17.54907220933875,77.08518185087311,0.594270355049828,-0.10693831977229645,11,0,0.49692153225144653,89.10623153108853,43.27414933219001,51.79756752236089,43.44923333082926,63.43601907726984
24.543133217160843,75.81053108548124,17.355930052786622,32.77182129581235,0.1991086799747585,0.10800030293747487,15,4,0.7002563988723258,81.72760225261084,58.00160772258843,70.67930553832761,48.138142537536964,34.891360496164424
33.23523210644166,81.57089083178971,19.41011158629508,24.96715474917891,0.5742967401506813,0.13816673155470632,2,12,0.6540698690583361,88.30651920955655,74.18517394213659,32.98202779290179,60.55144445191794,47.54259382081297
30.650169923072934,63.26064120428794,24.79823523044981,27.171077804584403,0.8702184954041984,0.12125676304263744,5,6,0.528601883689979,50.12589331771405,34.424944642265864,38.82032298937321,50.93305605675973,41.51976587289536
31.396001903619442,59.3595572273734,21.26834753740762,16.666341448543697,0.7924911144293977,0.1978288193688053,5,8,0.3740460613425076,56.011519770408505,41.477707040726656,40.57869282525676,59.79359613192672,38.60630308658839
29.682791608850234,50.6551437650677,20.756297725432244,22.796957479994653,0.5947866088627836,-0.07196421828871813,0,6,0.5525458869503187,71.61096813196656,48.12953453432506,30.279070111324394,64.66123780658572,34.44726862744042
25.460607781885813,73.29852180253664,10.870543087412152,69.55391556861542,0.4780139159017429,-0.01138306162083308,3,3,0.04528522509163657,65.77537220425188,51.239318277216086,28.508914421935224,35.02423966335585,51.84646380655239
35.26968886594906,33.690767212929444,9.98056813006235,74.96305996687659,0.4527460493012313,-0.10569962339443206,5,3,0.6000294417429484,43.66604673859054,31.709000870539526,44.67433633934572,42.75381177845465,56.468439037903664
34.46659971713419,55.7838065851211,18.46198164015569,45.82486348461691,0.22073773390282014,0.15240478013380837,8,6,0.45784219349337685,81.52577756965154,54.468611671014706,57.466494860873134,62.97117552387844,36.0634258164048
30.89232060247318,48.70896926855934,20.296171153717125,74.97937243225627,0.3557572156500095,0.5222545665120621,9,11,0.42448676748251024,86.8130115192865,61.27088113702918,55.70038378389066,18.07438348562385,57.52100125755671
25.028852290657323,91.23440268863837,6.367755726378626,34.68493755148752,0.6388172616595384,-0.19690889412663345,13,9,0.3774694830931572,90.73162845566787,70.35199070000336,59.5446506520571,49.699033493904146,58.2389762502183
37.05244519783888,74.46335017914319,10.690150182223393,29.03378829160217,0.8227026047555686,-0.03875525786292763,8,9,0.763324361545346,51.795397064758276,60.28314474655191,52.561676934136955,72.24584104354116,40.29537704375109
31.862760693088603,85.02992340238347,13.514989286668525,31.73278195059493,0.6989174896337391,0.20045436863245314,13,2,0.41242988961821025,71.18589248392944,42.024012617678466,73.60633644562506,59.896401169827584,50.015112382671965
23.422734357854967,42.68280360449211,20.10428336007434,39.791520247624376,0.5222172514737097,-0.0217441411488995,11,8,0.7810334075524223,54.347239190340474,54.50804327819686,47.02668932876207,45.37484966732801,40.88771145682161
32.028137240967595,46.294394318088834,13.851777422283712,37.287037292996885,0.5766487191286245,0.32746214221140196,5,12,0.4556968600211837,71.94831429546869,46.19401333672734,48.04910605956047,55.39443180857,56.34569064748797
22.137047234030305,81.36789235982539,3.6646847755190253,71.30458885528756,0.293010901101952,0.5737253152129336,7,8,0.09011824367582888,74.51109580916362,46.31954333620119,47.60317055050029,27.068014313341617,44.7031284771959
32.827227458997314,51.26838018191488,21.90567777098759,33.81790532219439,0.20379560800060448,0.2798942758620629,10,1,0.27666406426648527,63.90962440376096,40.02282123690303,52.737073760811604,60.214210757699696,31.643717171002322
34.79522496500561,67.78057365260605,12.086180294344459,33.28794461275517,0.759890723820299,-0.0425031931485062,4,3,0.84158859675307,77.24797396656504,56.75825093339125,46.876783457861194,67.11986086035411,40.76507583849812
18.345860488295664,41.97754991334341,14.719167490505452,63.59519417815939,0.17573980078816637,-0.16533459723159974,15,3,0.08350169538656493,65.89093523502179,23.752029968415275,46.69693011414681,35.39491343308661,47.71900643572274
36.96813923275428,47.76873476529308,0.7352400655793206,38.05885512782376,0.6955296914087431,-0.15215903258196858,10,4,0.29803454754690695,47.50270124168167,26.554214731352605,58.38572235089094,71.02255530314103,49.229079095854516
20.062777054605448,39.7297995910785,9.586241980485328,60.911743630403045,0.5997410550289674,-0.14076585002565445,12,12,0.3050648164613915,55.46143898563635,47.37263580100536,46.37765010359935,34.48268976811831,52.16795925031875
21.751822376409578,70.22264538324077,20.721972296907122,50.6317127778393,0.4288737303885921,0.5878068240255019,2,1,0.41092952752865664,84.78230389595763,44.42691938912171,39.19654296788516,28.902336386588452,56.76504926775688
36.595329992549765,57.83086744144104,16.29047968641455,42.59931084169834,0.7765244189924325,0.26073542105821285,1,10,0.19377147152076724,45.54403640102943,37.60453675146226,34.81448377876459,61.615868130335585,53.10816716871689
29.145986924288998,34.55023142995505,4.2661089845673485,58.600141901535295,0.3853602228755032,-0.028222445931493034,12,2,0.21481936472549545,70.50250411754125,20.908657283443688,51.115438721649,40.77623996730092,50.72908616075917
36.65429746330411,56.90215114056181,7.174098415308364,78.30283288409306,0.6545730037535781,0.2911566905107604,4,11,0.05854028627138441,82.74773218443207,44.05156718368046,49.29992675294282,45.09688355698624,72.65055732363228
36.8214834049338,39.224286716419854,6.485963393272106,63.37750256986289,0.6968173771722144,-0.07138503631792484,2,10,0.5102872691763625,83.3620306525612,55.497522894630386,33.419489900204105,57.692205922388716,61.63128983624684
28.498980914666,30.917069353493066,19.498231513705004,77.96711191249511,0.7959397267125018,0.5666822505203346,6,11,0.44401801829036525,57.70584788128785,31.021353092131616,30.664856878541514,18.604574584531374,65.55817019009118
22.039776598827608,91.42201884719697,23.67853667040549,61.629195473908,0.8101058050891032,0.24894113693116182,13,12,0.09393639659209119,84.24593069963193,61.649998420044696,50.667500628643744,28.14096481082396,63.71580788757462
22.644923159849398,91.88470465670981,13.983033341335238,77.84115154126073,0.36410502116938626,-0.17921795204275137,12,10,0.7023776599719719,66.09302380342903,86.27703486623525,56.1736535121511,18.29180652560366,51.72004768412799
32.39423895234654,73.99689945057087,9.035544813966133,15.158100502000536,0.33552585889851705,0.4111364054517039,2,9,0.3310221448300942,70.65822954869101,66.1863079388096,42.62850102400638,72.96608774395823,31.42601840172689
22.89975188597709,61.662036044534446,9.675396994684155,66.0670326144374,0.8908294019979784,0.2733899395661535,0,7,0.36483385872348306,67.18396312259183,37.23494816842208,17.34921913174009,21.177140278877726,67.61971061069244
27.841769701079933,35.427559502685334,20.9277628351348,26.923594926431328,0.46617829226392327,0.47221243765110515,14,5,0.9311523354664637,46.930915294979314,59.031509458797274,51.82392762300088,48.398936737826034,26.440031864266423
25.86453319202017,78.83692708215548,22.721851413093226,64.21388969353704,0.870665107763354,0.2709221215938477,0,7,0.30462738810915535,75.44876699633579,46.569155099371756,22.53775388914649,28.569770771588388,73.48762778687667
33.1187483390283,91.05861546672892,3.9149012380138486,23.92479636765924,0.46796651827933755,-0.09951106442991131,4,12,0.42430436728255916,65.41579958687058,70.34997283167776,55.613224664001976,70.48717741738304,43.02588443240714
18.176478516089723,45.76428946629099,24.461370761962602,84.23472593875128,0.31207967912421336,0.29221127027508276,4,0,0.5774416424446291,42.17747998472693,35.83655696422813,26.615224962196308,9.482148196733618,55.69742471755975
20.040859969492683,52.044100459743376,1.627443869013162,33.51825696121989,0.9124722236587622,-0.16431738614287852,0,11,0.07745257775410486,65.15282507368953,27.877550075499837,11.751343682448727,57.247429970772444,55.65820801496241
32.974281771356644,77.171765751523,17.47954426231997,16.82889813206665,0.35016895877817966,0.47191614228343953,3,7,0.6021949207321816,51.86724650807427,67.62954396209122,54.40738430843181,74.23902343289855,27.847488092898082
36.75413884287528,67.85405986817356,8.334059173927203,42.79976124797189,0.7085614729715161,0.1010181213488669,15,7,0.7104994966484048,46.13637484643998,52.07864891082406,64.00184113959683,68.88418377244332,42.249137455609564
30.17570178775528,58.607789401046645,16.243551007519784,78.19798153004312,0.7662183848169724,0.4594072079638189,12,3,0.41940334929763756,66.56769107428137,36.08702052380494,51.77846907405525,23.961218164066544,69.78967209550102
23.185840187122928,48.41965225230419,8.450370803945805,57.33771906533114,0.5993452978630487,0.00456940288150029,15,2,0.8263581900713568,40.28523024755289,41.40159654602356,58.82746362457729,45.31502371210063,43.534636973213516
30.478278801895353,93.28619480612151,21.783827083718187,30.031818164104806,0.33571114887348186,0.07581930873213649,10,5,0.5529951203076955,48.25322007509131,80.96501776975484,64.66416612907783,59.84415354211759,30.66867616505954
37.522334800805794,43.15700320491791,9.821478796424518,82.52742485573422,0.6813067318524751,0.2738228198576153,2,7,0.07551038013625655,85.92230710250689,26.882987131127766,30.08951401846277,45.36485532123054,72.95586545892931
23.093293827217856,79.09592904674147,12.739187944041552,17.37576726024542,0.45730276482456567,0.542882910578266,15,4,0.4132330079255737,70.56578401413702,51.943454892662935,55.3221662740224,61.35906361382116,31.002557116007676
36.49185106637297,88.75492560674009,12.978714664639696,58.73195664510408,0.31386604865507933,0.15835795038511113,15,2,0.021976678941019512,90.911474883242,51.85831498836087,68.52320260010693,52.952493518772,45.18738139402236
25.955231171645494,51.77803753610925,15.934993983498394,82.26553893420243,0.48004868050479943,0.5786613792434121,12,8,0.607136195021009,48.514919552538615,47.028648562261836,62.50559434664213,15.076594436592021,56.71812561692597
34.23934644176967,50.187724867525716,19.59043139911218,37.95746847840579,0.859078513531206,0.014373499565442038,6,1,0.6980967083494118,44.282293424691936,34.819909075040734,48.101687839895654,64.48761311387159,41.667700851694335
36.47750078240843,69.51076433524291,22.34340016681042,22.715764339207766,0.8625519905959657,0.21603944959527066,9,8,0.37287547154128065,38.370998354332094,47.609497115665114,36.87280136314935,61.354733917994785,55.12102738353155
21.354525819231284,40.05448922780741,1.827796000229287,42.38885853089055,0.19027273263983135,0.1157257516903174,2,1,0.7305277955729573,82.50167101217525,53.42712874742197,40.39609442190722,45.68734610903371,28.167175047961813
25.334250325824193,35.42700457104375,20.687737745175642,80.77570445587578,0.6627566906004909,0.571633253354751,9,12,0.19460840080375363,76.67910387009817,38.72023197530201,26.35924885764628,21.5157534011019,79.43953343376076
32.52274766152817,47.34904012601292,9.286792254200837,44.57380487801491,0.725600967590757,0.5405578134156677,12,4,0.47250008828041956,68.81283165157797,31.689677294979013,54.57363026432747,56.738724351084514,57.07738553520778
26.022025144402896,89.4710357650859,8.73395114361584,32.48549660235095,0.7220039100539425,0.5593041328612876,1,5,0.008604955567183104,74.22451189411022,41.889189521593806,24.317015574934622,46.39967773976569,58.243549943478776
24.889924374912077,75.8115022698412,9.82783207522973,30.342189775725817,0.5072852853832582,0.4018788186387084,13,1,0.6917520336466478,73.03860935682499,39.792611786995764,54.43597578529047,49.94327005209421,43.337346665314726
18.62182186787686,50.03981243842998,5.118048563526082,53.30763398333149,0.857433204310259,0.49627000803001725,11,3,0.428597533555637,37.08290534753529,33.665452550742756,30.117171507038744,28.402297877483964,65.21763274827224
22.28375252875006,75.45896419103295,14.200509560833327,71.09503987613282,0.5162521221986703,-0.04658242346737759,1,8,0.080280326995945,68.32151549660006,54.17360891742742,26.642040694412593,27.520910248385427,64.55331217902553
26.005371042971845,77.67890320543978,4.092576537971462,54.65665690249992,0.6673160160443068,0.08383488579150578,8,10,0.5106581850467138,70.73870587660906,60.20709754586823,48.503559778323286,50.4935793867838,56.76787840720917
35.652847684965025,82.49344354551977,4.99030228087152,51.782105636465225,0.7630101674222475,0.33973534500461905,13,1,0.8955411998124237,44.15889638834385,55.20827536608271,69.57029386714461,64.61270096353105,41.74456831795082
29.07313484596113,93.79082663408724,2.990761381026072,67.98641941544457,0.40743091392797814,-0.10636058332190101,5,5,0.5487528777252709,46.73981335050438,67.75666394787899,50.72048484027548,50.48915700642304,39.631013526838295
34.72809065874802,56.59412156500929,10.574181886555687,49.76844941186072,0.5860921013536037,-0.11334186060968668,13,4,0.17189179537702426,56.993607453615496,26.67642554893908,69.6764578161334,55.42269701163385,56.90794298347207
31.381531108543584,58.27197511387607,11.19274510632218,64.0980790567196,0.19686418906838996,0.23206445463067532,10,7,0.7567522611283809,91.0107508831895,58.39190538190568,64.55886809356008,46.46471933032872,31.771895569486325
34.68597773425372,90.60691413694661,20.632759487352516,28.227802445379446,0.6986834155489852,0.5041239579886747,10,8,0.6857520409282152,63.50925031631149,67.95004955857901,68.71688136235113,52.916574442835675,38.01041704994197
36.86288614783031,85.69345179950137,8.347838844520075,21.547110591554983,0.36570655847618305,0.4742683006479201,8,8,0.9666942441029371,54.5328180509149,87.32276598689533,70.01054766186344,72.03116531540022,18.05676590098411
29.847953449836297,30.513341615777456,0.6288318907003099,76.75512114811167,0.6468667763760296,0.41045801525108966,10,10,0.42045977625077646,80.5208410301112,35.940570285673914,47.507016590287726,39.39955246211765,57.703817876393124
24.42986006107708,56.82906531736511,21.59298799770214,16.54392471170344,0.48412317924390325,0.3440381196554165,4,1,0.7922535970174165,88.68844808014913,55.0945611813891,40.354553088456065,49.193318553255494,34.589531131357994
19.57879351406409,91.89251486573352,22.315567745236724,60.90078309131918,0.5746018140114161,0.5353861570422163,7,8,0.65839665931507,83.09007715951131,73.60754897698118,41.81624307132531,23.208343550683757,53.84616730499844
28.449572981743888,53.45407227268637,11.20296022450865,71.13103530044648,0.47071529388043365,-0.1795521866916565,2,3,0.23174186409169817,80.2341746744222,41.87802184544366,29.61041209202359,38.60834337956914,57.021576193356886
21.48501685462435,83.752063260727,13.766293191510066,69.15548422056362,0.7953955313667997,0.5535707908708318,12,0,0.799234743298472,75.39967044853059,56.73482232266195,47.66905692421079,26.559185382076468,59.61252198530357
30.102274093298508,64.23861652516217,3.988098347399485,79.0029337001119,0.5786296686689296,-0.19512607560254605,14,0,0.7776326050180475,44.23037214256821,53.4158426959605,62.34997377102211,47.8766070267042,52.93148333736427
22.805174919781493,91.51050277891679,21.504253908729176,35.16299540482284,0.5571871580317616,0.20050628572312457,4,12,0.394028780183854,67.04697061342931,67.5536770753321,32.72444926691548,46.1232897344489,48.99891025937474
30.34997863637001,53.7694082201553,24.190901829490016,44.07864268039684,0.2548644809071142,0.46719996874272335,0,10,0.6948596195427844,77.682272707401,62.695541205662614,38.973258239815046,45.36073923622525,31.712971940678333
36.64558895106173,78.0502943103728,5.766813524731446,22.796816266350167,0.8806679725487462,-0.1102498671518938,2,3,0.18263399299945715,35.425437763470775,27.139591072037604,47.893252336381906,83.38406764342842,51.91303163539401
32.91871567843563,65.82020663514905,18.589787685307666,61.31451077333607,0.6185935277092414,0.31971912576939615,4,10,0.7101913948011042,80.13117048019592,59.53519833761435,53.127486733838005,37.29661034645225,49.943818664087146
35.49154655686564,49.806254214675526,6.095802984412432,75.6967770836358,0.34020527534964856,0.13240196994544012,7,4,0.8980618225582724,60.94843708241396,51.75638746495718,63.100834642871085,47.71373063745612,39.65257900122676
34.050150585120164,56.0134307988661,23.77029608144208,51.72023832899339,0.16738453866756983,0.008010623722317423,4,8,0.15681490232443673,68.2918785589126,40.05719426586357,43.826113938263184,52.11872423837019,50.9905653954779
25.238509755510567,39.11029822806695,10.947896425126999,49.032410544218386,0.6408000870820655,0.21964995228182377,9,0,0.8715123220777647,61.02100911185679,41.91193641483401,43.54620652984889,40.609316705007245,44.667556199445855
26.53828003471122,56.68230907036424,13.40846590968357,18.541608902937227,0.38019747844779905,0.590315338849899,7,8,0.4189341654173221,47.674696867605824,49.83850390676516,47.6983079725342,54.86127165579466,35.98606894365534
30.85620508577435,34.537396459129994,2.8760703840550628,59.369280714750396,0.5897593984415624,0.34879924829745074,13,2,0.7265879062171671,88.35749863784133,30.699428252849323,64.15829960841488,46.94762927156203,57.84119582879751
18.985754927714428,49.652015197912405,22.6396275487533,43.77975241231826,0.8157923102839412,0.20692747481823331,5,6,0.005216321064894336,71.3149321774714,33.759420144967756,23.22305355147659,34.87136964941151,66.00452900644989
28.74154711333602,30.940167449128236,7.11458958179057,84.27283540043054,0.1941973268818309,0.0555147905258947,3,4,0.3793859209327626,74.03251235121368,43.52788460923512,45.14299717400319,37.32261509276397,53.310924409979904
36.97545161006509,93.67872127127428,2.9918391921877783,39.067391908056706,0.310138493750986,-0.050568323554307876,10,6,0.5638271081348789,59.26216631406315,72.55521830003083,74.95424486245058,74.46314188572352,31.822138799826725
19.517976819787144,72.67579237974817,11.421940187121107,63.21698680394134,0.6096597432662262,0.5114019200659341,1,0,0.3495979120577055,91.17316516920833,32.77042029458765,21.42251911180486,28.900501025354806,63.154591714421485
31.445470953493203,80.45272886939514,17.343039302329306,24.503947760242376,0.6183308610584505,0.42150134604762596,4,11,0.24623524268370767,42.2635533734967,58.13361785926046,42.537412923454596,59.119994819386115,49.78693474684006
28.1198226762172,51.23115360784743,0.2857276307887291,17.472921129556337,0.760319918331427,0.19176470797189155,3,1,0.35850562724901813,44.42239340963881,30.329485696651073,27.426084039316745,66.2098574220012,50.30664201204169
24.873421625695343,61.06550745716988,10.500743479578798,24.003945938490276,0.1799265393626339,-0.17163301844084888,2,4,0.7188020785373228,42.481552027568426,58.835033289298,31.508425616998753,61.260403651297665,19.880427591041393
21.900664310761034,33.647859218288026,13.283577631757648,17.773908302089104,0.7680372952564563,0.19436965515664845,13,9,0.7507025509358412,63.88554456120326,42.10416971637238,41.45899619112705,49.68966513387125,42.94566505705965
25.26476357295734,44.51800330592756,13.275141676543752,41.4871320876681,0.519946049000829,0.4105500608608012,1,3,0.5374747246397255,54.10419121173524,38.38218981822428,28.808438464774635,44.717292091819516,40.420666057937495
21.403240161331645,77.09079636319755,14.183466671136452,43.10378744062223,0.684431150489589,0.4852746286950242,0,10,0.5453792765719075,76.19357625479319,57.1512056213533,21.32609224281581,48.09545258321914,52.77656112566184
22.760627191878925,47.5492679276953,4.152042974552289,42.47745048281945,0.29863557281620146,0.2764314487412876,0,1,0.2699191530267564,72.93467681894234,33.22629524385791,19.633683477663393,51.24767624499694,47.722842649000114
29.30135566508426,35.1393661451345,2.572574355590898,82.79505054205913,0.6730108828163232,0.40197529466705556,1,8,0.17961760169515328,60.55664316701143,29.73678526344827,11.36319769159451,29.168957722437497,58.197972683402625
21.142038054769067,92.28799675291386,6.30510722481219,65.86445900227277,0.32795696705467786,0.2928431543028333,1,8,0.3284281034547527,81.67353032928492,69.78064786808592,38.483313089536324,35.07181809719615,47.32203941076642
29.189815097384482,68.52084109198076,11.935627131461546,57.01828035782101,0.25445370168752746,0.12707778649396423,2,2,0.28010553097142576,42.28542854756162,51.605665605873725,40.199186237185074,45.00920687751787,42.841377099293915
33.77048967604231,89.1154457354169,22.01073189456594,72.61118180113252,0.9140066609567215,0.26912156443034635,0,12,0.9488442325014275,52.85460763869604,88.83573279526539,41.231649876986914,36.23929512037156,58.30824906538662
25.683800198406153,56.003572782679825,16.00130773009091,66.64631764700394,0.8273975690463632,0.5006762565274256,0,9,0.9568927778215227,45.18183127993581,60.22687568848788,23.02010863386167,34.34822776510213,51.41410277493701
29.36001950396273,55.357131309621764,2.0402357875596717,60.36817635169319,0.7130224597095882,-0.060651669104014955,9,9,0.1790475491477329,42.83159761097076,39.806165644143164,46.238534358019535,52.98246362231661,55.52228791811417
34.1870290603649,68.446027169574,19.933031183712167,83.35657507933105,0.45103905213553297,-0.08004625845848423,4,1,0.597477596656598,66.18487475375449,47.87300553311802,50.550613279439595,47.41538609695449,54.00368713352583
22.13765861802134,43.90492039999057,9.685538242283986,74.72590227092624,0.6088896696546607,-0.14595725461386408,8,6,0.09033168302809258,58.154204498481086,28.955074572817114,33.10931564655902,37.13826148131584,50.6420965679835
33.47997644189298,31.472792162129714,7.607245711909149,76.57641967256944,0.6816189121913837,-0.06240265730708536,5,6,0.7219041809779858,88.42856931635318,34.32097810653307,42.53395222255787,32.798087807961565,59.871978825329975
29.970212693631687,80.49992366317758,0.9015138874101075,69.85124896758636,0.6939186674548617,0.4015895105346891,3,3,0.3935954554934291,41.82579715081148,44.53196412830968,36.891141302530436,44.78873113139641,53.494277699256465
21.774235961422868,88.59557598649042,19.597340370390146,39.11343924440062,0.8796855254003397,-0.00886182976614086,14,5,0.8135253114345706,60.24452310160672,52.93975351636485,48.398455370615416,44.52620326510923,57.8991815400871
26.112129991630468,58.034781522798326,6.59859032003563,52.47431088921882,0.3189813000025507,0.4940209744864607,14,9,0.4102789884141841,77.59198728087232,56.50905767503363,54.03057064018588,47.75375083293108,41.56001977127564
32.97462955420678,92.5824827915114,9.499928261070076,39.54198946695123,0.620096724466905,0.025002891353263113,0,1,0.9615408704921987,81.14320753811427,75.05877396134233,44.80621709323003,63.42264602344425,37.03257168672059
36.67217925983162,38.99114702666433,2.9296380708649594,19.826694897208945,0.7390638591776206,0.4287412270668312,7,9,0.05329184512233609,76.22743514146661,22.53331285646996,45.45239522127546,74.70520393658994,53.98927492924655
24.593029445393622,93.0336997382035,11.868543542679982,41.05053571765005,0.6683373803053883,0.32043604548473187,9,0,0.618473698300743,48.89483156183492,55.925708484991816,62.29042485076236,41.9484701940774,50.84972803904445
21.34820703674248,62.856342171103954,7.98415058768008,78.90494658856525,0.561446913022569,0.49277119533633,13,5,0.8274371637879605,38.22260342380848,64.46425142968855,55.411127868158424,24.817891907996675,50.52008299302158
32.3373748879936,70.63215419045059,13.312320235295823,54.86878253517894,0.6417915936675692,0.4612638357920826,7,7,0.7485807631108824,51.01574895429489,52.57720450486546,56.25176179308745,46.69686032195819,47.53454887255297
21.610459253723803,39.18697604068777,9.135769172497838,44.973629036177925,0.8687134267095303,0.4688956277670569,4,6,0.972975100881603,71.60986903706666,31.20664067923557,38.17977366563004,43.8868896761455,54.14154643746207
18.177603865328976,75.8544593610652,2.957340561640018,53.346576597757235,0.6859257613017155,-0.1742123310162886,11,5,0.6841519369858398,85.71466630772645,54.100351333654736,50.82834393407339,50.64403537736674,50.74047216399634
25.838510144922623,76.22217445296741,20.404831726758836,36.23099124205901,0.9144791499784126,0.5268954958037113,6,6,0.7228299157753952,64.86850699327056,52.57241850457307,33.074836544539366,42.017279258051225,46.87258785400993
24.72934831753454,89.64488612110273,9.956839578584741,77.1258550641347,0.5060741127264498,0.031082336249258713,8,11,0.5606707689186775,55.54760481671235,79.32752948000957,39.70652927861532,32.978871474056255,47.67921241606706
30.14665911488688,49.993357437425445,1.6381908441200048,33.53661161221336,0.46468487119269986,0.5938159429378633,10,5,0.08919541874744397,68.1235444250142,29.703930166270066,51.716605668199804,62.55250493638542,52.623763094165874
30.73087006771076,94.66997749247741,0.8320392469912702,73.43877733004936,0.8098982155321416,0.5333603126095721,7,6,0.7877559236206,46.11958274990725,58.87560306495741,47.82450352925404,43.933716514184944,55.882075032291226
24.941373334923576,44.05548945468668,8.042197721483369,61.47700715752098,0.6711931599280642,0.39305354881927906,9,1,0.8185173902544616,74.22442468783447,33.03504785519311,41.87510199271762,43.98108465731146,60.30892389329204
20.348337764168264,43.47750849282546,0.6140348727533135,21.5154012946794,0.35505109064789947,0.4559762125085845,0,6,0.424497890691106,72.7432878056373,42.114693908490054,14.16094741520042,59.74475121344392,37.8817965009557
27.232487323786927,55.19302906645549,13.9159793220447,82.908105004779,0.3919289611630251,0.21615634690681385,2,6,0.7166430317458448,76.62654527502622,58.69776625914608,46.39771208171365,34.17620971973001,58.17179401555417
25.630603410812874,93.97658262384537,9.119668544804979,49.83667791393778,0.5153847079979611,0.14693104197539403,6,10,0.15527523754801353,67.35688826559704,53.53214844963182,38.43788183910853,36.83228649299082,57.25744877419343
35.44335424521858,52.668096642927544,21.497661132270864,82.09344698654189,0.3480418293119315,0.28816704533152676,6,3,0.6495672790822176,40.33763985918025,51.690484992217165,59.96089716713017,40.77343456968425,47.365796770607595
31.908829104206568,62.23943801879082,15.631275192196052,37.096758066332185,0.2622815335344891,0.14834315359691364,0,12,0.22779402665380533,73.52282368600935,58.1655072846202,46.33248151818216,62.69148972348039,31.51438695955082
25.35506201189548,37.33462231562811,8.639548812794393,39.508747080522994,0.5520213420529088,0.5778812263519899,11,6,0.9144261556326339,61.30878653806566,33.00035875142805,49.38496056910533,42.618113416899256,44.98440227168129
35.316585750649836,74.11196414277583,14.457711297966835,49.386068586568335,0.45589837608258144,0.2897539518656091,6,1,0.16253318821690566,52.277632143611896,40.4565842773118,43.28043873820184,53.28882825444949,50.32278052712405
36.052162189976066,94.84030463443565,12.189761945702326,49.67590511152308,0.7455170469228275,-0.17104833790353996,7,5,0.09982788181495983,57.8528038114197,42.29067070056702,51.68210739184655,56.81264000264614,54.721568144821816
30.162201436131767,79.02435414027082,16.477291824274616,47.48462209313359,0.3752606771840117,0.21614244746748396,10,3,0.4866763464421453,43.3297181375019,59.91306395470109,67.29663526245778,45.75752371281557,28.066486462818045
21.250525060431613,92.55469243633473,11.173607884821903,39.659546073872576,0.1724813859212873,0.4746034904897864,15,8,0.41640515484129725,48.995369562293114,67.23088895053337,71.72838484527792,40.48218393787465,32.371624743113045
20.183894945454746,30.413528201702583,18.598886019293047,83.69767701311693,0.9144696696202476,0.42735780347434044,11,2,0.9777094559131215,53.685366251111205,37.47155469393883,32.84584987454714,13.775045371818413,67.06866338104054
37.94594552975488,80.37953557584463,19.54191228018333,42.32195693965857,0.2007594695420558,0.4341339473875387,12,7,0.9093386891220844,41.60988530950945,82.84224124736532,89.60896776597758,51.47149724369649,27.53311154078215
37.220408171688405,49.201465291070036,12.340910214106183,17.027265105690887,0.3448006661438437,0.09920280649571228,3,7,0.47084549359917405,55.775078407288845,59.29746189219394,40.622559864766785,82.37921066741048,25.115397764743598
32.0984729937404,80.56613891930448,20.634921793366182,29.653185322792005,0.5652355601582001,0.5200088788202275,4,5,0.4298830902215557,91.13490780233909,58.03891657168775,41.99205162568546,47.32401286472066,46.31374594659863
32.28906472014475,60.532984430678745,21.32227211686608,78.52166217851342,0.8218133754290216,-0.1484918899367898,11,9,0.9215275749858294,70.41686111824306,64.69478821117895,62.839479288550514,45.65389833551677,57.84627947907811
24.270192127693477,90.18109924366901,23.743628568237803,84.43303783331459,0.5168297599219224,-0.05805636289519134,3,6,0.10231292508304923,84.73455821128829,51.97673321456842,29.645854102561994,19.952419347311977,64.62045132203221
35.32383216780218,75.72138561101883,2.0613879377741644,26.19350398083231,0.45207753784477855,-0.11889993385126507,11,12,0.6522920446308759,40.40491107432487,69.54276428327552,58.47450443112528,68.23920802853648,26.114800270085198
18.267442662410826,60.25084790677657,21.095124827379237,79.96403171898979,0.4137671224006586,0.31394927053203553,12,2,0.5602130709847091,49.479580390731776,55.507854501625076,48.546603364107725,11.824792048674265,51.717062098246004
24.738364988976798,80.48308778012128,2.3876032683048636,66.82526360937968,0.3674935298017822,-0.09148658505931016,5,8,0.46980681781938927,65.2179572986353,64.79336217865847,48.550703566434834,38.85282499719965,41.50589009120019
30.47729284710833,33.06634617348245,9.460983297195444,57.89958956922992,0.6556441049298688,0.4626206074212413,6,5,0.5482577811469688,67.97794140970258,33.0128147166522,36.72737719470969,43.61957876460377,57.597192764570394
22.004636450447727,70.96655317034381,14.42618696609799,42.974315371836326,0.791789847699488,0.35872127655470326,11,0,0.7766940733566847,63.898932626100446,38.75070372997793,36.506185381553415,42.33024024022563,55.87884390502017
37.660777429957626,72.16605163626397,15.144492811347341,19.891625443724045,0.36507546086544784,0.1575792018611532,0,8,0.5127636307303778,78.4928772078693,62.190037748904004,41.77868155459426,74.88171069795808,36.641024315209776
33.41693169176067,87.75295872204074,2.1044635620122376,63.80340999618721,0.895882214859675,0.25892051989963055,13,2,0.9987538057742129,44.9566056908243,69.99213978390021,73.4149277153159,46.169427381785624,52.95355523074511
27.824817930211456,90.31892100360292,11.958109645855627,51.02384283495509,0.8327452215572204,0.45420639521186584,3,3,0.012925955228850206,70.88147675551691,47.214032029840475,28.10860171517634,47.86312435883189,58.75364967790105
31.390785652225397,66.72711493155595,21.583404350524592,69.8969647057323,0.6643231103955409,0.3318069352185747,10,8,0.525164744916564,61.44353374469928,49.61493584740711,43.05370440558851,29.808989006609238,58.38215379983662
32.038575773063315,71.98990708756776,8.55621064933759,39.942621635055374,0.33997623578414427,0.5695322050920151,7,11,0.5610490294122168,57.894229353835314,64.27263896418138,54.48478851583316,62.02529051478676,33.85278221261688
18.685714681069502,66.95971616826927,5.0819805672226686,57.301291448513474,0.7516957319813267,-0.08951219105210173,3,5,0.6886670834493552,82.53022352835936,41.35069840041464,38.62270439004976,31.91171893100063,64.46004739865248
33.438508540089714,66.11244417319162,6.98557112426077,67.80750438048318,0.548665199980709,-0.05796275817733801,2,7,0.9483200598458729,75.21442687345096,59.561019935930105,42.59216269933473,49.208382553299174,50.76193542161428
28.531915275751054,46.08040712926724,8.69702999699545,80.95270183502319,0.3429608730398839,0.4408216349047887,7,8,0.5326291325257645,42.83834755951432,45.831356402571,50.454565559021546,21.72848119381373,51.8392664332476
35.544785255499896,31.64137239042252,6.843165611558663,26.008022125591552,0.9012719382613844,-0.011511812321747972,15,2,0.6208752935822592,66.70263526376283,24.265449733811884,55.75304515177465,66.69641970050867,51.568365232656156
19.648295814126936,53.716434688425224,24.375408196870435,53.30728991665547,0.7311390993219098,0.05719660178524749,15,9,0.9661811981223575,55.392370746077034,44.655413488932076,52.995282689436955,26.608497291782072,48.26170199754328
30.861815383544833,63.215406345055186,23.9100661369359,78.32725334526609,0.4554379011723094,0.5574958012305868,2,11,0.5903838503691392,39.680720801003794,62.012039826553604,34.251776109863656,20.755610039728296,52.49351179266237
22.243345984323046,74.90554785214309,15.913206442069242,59.180140539710266,0.30916207968894294,0.2634772755076877,13,8,0.5704053166451111,45.61126063471368,57.54258390682743,47.448169411606756,27.57441880871989,41.74844068705973
23.005731862661474,82.48028428669902,4.397314166804597,80.30872319285656,0.831115071807314,0.08847003772966638,5,3,0.13748668341890213,87.23068550823548,39.25647565782822,27.968129667196095,30.543489949660152,74.44381206132178
29.475013699056834,63.08251169085281,2.0711511375680502,72.11024151817409,0.35198422641803384,0.2331874913333592,0,8,0.9623045335751665,63.14726649415122,73.77314284374799,28.962993195504342,46.0900004369207,31.865876574123632
32.14959524870835,35.75977959407477,24.651258917091482,81.77554799036577,0.4905045016583809,0.21914817439220285,0,7,0.27503755968967003,73.44487180669427,27.899736668249403,30.122354804830675,29.712595916571978,65.46390347082139
20.300901646912305,70.89619096618324,2.5772149152438777,25.22704963930458,0.1658145018021983,0.09069126708540765,4,8,0.521544219732872,73.44873162116369,65.15876353488093,36.736436245255504,50.70855151225945,28.829859349349636
31.064486099504855,66.18574278421079,6.144061658101768,71.75356518875778,0.20827823193211795,0.3058494314570875,10,1,0.6544477164332296,58.8103699059393,48.518006538072626,65.90004009051592,39.05430401685521,38.56744961208416
31.647632632209472,37.79711603525936,1.8395830737981456,64.91859587285288,0.19891958961757739,-0.02037534565478713,8,10,0.8096883078082263,83.68516819350424,64.28622276547082,56.48474683036189,50.64495364974102,39.59306591668706
32.487817584314364,36.33661271065255,22.831265215671692,59.61171277581381,0.529845090771112,0.18778340373373137,3,2,0.3459173724546537,76.4460489230775,27.16733008370369,36.80713409872039,48.587567288953416,58.34447505143816
25.840678021227006,41.87896699850472,23.594618789908232,50.47591228059236,0.5565882185845215,0.5850975281718449,3,4,0.9430206845624496,74.61074558472237,46.864990611889674,52.793901775523764,29.252380145790948,40.75664991056438
18.203419239914503,34.615163200074925,14.883168892359325,65.71302831511193,0.27932021558169323,0.3860003301390191,6,12,0.7431760807261967,79.72876751577687,48.294476228407234,43.06334405172167,16.04980625583163,38.04938359221832
31.224211579402372,81.28660770571469,24.217365471116935,31.2005844358866,0.39769873384144616,0.3158413222675997,5,0,0.5712190773337057,81.09523763232643,59.72446418630356,55.01614160331535,49.35857008666873,37.365775896135624
35.89546938557034,36.559477017629604,21.58727834406087,49.846659941536274,0.48005819268560745,0.20052940846034506,3,2,0.4576855795588136,83.43402950622354,23.911419532978044,40.44259756428817,48.37472503149736,52.887649725226325
18.961856806922317,90.5260124932937,9.89712789620155,40.268364607944065,0.734826507248686,0.01117777239361803,6,10,0.07605156081931563,77.22053844082401,63.8096939436886,30.955796769806938,39.7045887440507,57.83356779887103
37.33296725259528,90.31327859793294,13.359312675629663,43.145435807557575,0.23413578523980494,0.27250726226009986,3,9,0.403996583181529,58.143684955940316,78.97769559905431,55.53485791844602,68.62602517491446,37.636651425770694
20.817817235377603,30.356745748748377,21.422288534642835,75.42451630597684,0.22338608547863678,-0.0782069576889592,0,5,0.1857041730663156,76.94180479969515,35.18383990786153,10.750580115706413,27.308984625767337,57.45559092223638
26.495142353912037,39.955346864752485,5.507037132714057,19.53653892372986,0.23876989298028484,0.582315857935132,0,3,0.3070255393395642,42.2450608346309,36.510802879382396,24.881455750061225,59.367395338021296,23.652427926369537
34.26465831221152,56.2749651406358,21.487433877017185,70.89631947467274,0.15132797607736564,0.1902353079340136,3,3,0.08623291636769548,83.23317443662316,39.77710220121247,55.2686588886076,46.87005125663654,44.381758566299666
25.424810598828692,69.37914204085638,20.117445691191804,31.81763956426952,0.34304010044822286,0.28574241126947747,11,12,0.29843997575876346,56.47501580405375,70.29036012906802,53.480382001039956,42.73966817862145,46.34244094153572
18.48533976843266,41.72816003286347,15.5552295172617,61.16586804839331,0.5430274422286672,0.10699843698350664,2,7,0.6433857530332387,80.7984766386241,46.636933820927716,25.71793948364692,28.784709564074397,57.13407590408449
20.664920164358804,92.18416368602641,22.29355755794801,37.46490256555718,0.1655420023274204,0.28318075740663,10,5,0.7495666625861319,64.90218657699148,79.10189025613873,67.07181008195204,37.99999858641503,31.40928126000453
32.73339338796574,48.9763280168431,11.315995076062427,52.1703802338126,0.3425626451265448,0.3215683543981302,6,9,0.0850594796707751,56.313843323530975,32.46152773163351,38.93467414001879,48.26897029777918,50.20777433547012
20.152897860796866,37.68373240989445,16.43723250740862,63.53337075265902,0.7771856785972241,-0.05517049778139435,12,6,0.6608312971355824,47.75087570825386,35.107039077435985,38.65331560782012,39.2487829175885,56.27167158012544
22.32677620271416,88.69128878785892,5.919972048249794,23.458423819005787,0.17706958987590063,-0.16403722207091986,8,2,0.6082085113069523,36.00604284713399,66.5853665501385,58.28653757845435,63.60717300497971,25.137705738062067
30.150835532416558,74.74757725873599,18.283438741094088,30.704037905237854,0.8187451247105424,0.3522305338647412,3,0,0.4407667087014271,78.76212012223144,44.17513014339557,36.661200580714265,54.514334948678844,57.61895925090647
37.33870081015834,41.34126568963231,0.6667999911565081,15.372608742829417,0.4576568687495347,0.5074026923803021,11,10,0.912045798249695,65.42559220174724,47.338894146286634,68.52130194653216,78.53030598200593,32.51619529126522
27.92352184569455,59.57938301834816,12.879187175352932,70.59081626799403,0.3228427362065742,0.36792054319593864,15,9,0.8495527822581829,35.49496511244059,59.714409669437096,73.5244105453161,38.51822990604278,45.80445917796538
29.897372293588028,43.78870840249631,4.614617395616142,59.76107677903872,0.31175324323574155,0.24246993913670895,15,10,0.38981964846209005,56.57291481528996,52.46586560993734,61.835830018094605,51.9665425781088,30.10343173261776
21.16597834579844,36.874902694421266,2.376334453767723,61.139340318252664,0.6217185386710324,0.21481680448166796,2,6,0.15313685268787158,63.53444081132497,20.583717614833105,12.647388128932983,31.461358368411133,62.720449213103954
18.011421128063446,81.09977852091089,4.154254713390751,79.74412124751747,0.18386286585263467,0.4566298676515415,5,8,0.24973571888589052,46.53791772614391,58.48632868702916,40.018253077253576,13.254792945148434,49.76572710343463
25.068960793686614,45.4369399536465,3.0660711909474476,60.25145712702496,0.41632068789136223,-0.019692764178932703,9,11,0.7483179309035665,79.10438547569152,63.527010672250285,46.364651439374875,51.61861297963523,45.001235262988686
18.211706920555624,88.34804367821681,13.597261762150016,72.76074236383747,0.6547434397684863,0.4373548908087043,6,9,0.9209639023358267,47.85259862135433,69.55850957286547,30.196891264756907,20.146540392342146,65.85148786907492
32.17084938382454,65.58283280500017,19.692336191654906,37.32071491550967,0.811422641571763,-0.11385891765951942,9,8,0.8901325075267976,49.40356529039717,64.43406488035689,52.20311827468965,51.258656271488974,47.770983790171755
20.159185699898046,87.9336694141699,5.116915728966854,52.385600769197076,0.6079997698716914,-0.16739852508196665,1,1,0.9716897104295517,72.8772033885148,62.62914144286042,40.00235170361616,43.98283279341503,54.225337797932326
31.615041960955825,62.457867381450455,5.122995027773081,76.43915904621737,0.37436249089119567,0.027645308362646226,0,3,0.7674557770890512,75.24876421169033,53.825683746842415,32.525218000391256,48.68988469940074,41.5950228934035
24.173592193053356,32.30451860650379,20.47368874627775,31.874996005934943,0.636442137885488,0.23909434884785002,15,0,0.9943436299397624,81.41677328060734,21.170377877325766,61.91184814967532,44.27912740086414,32.6055067850967
20.68657091637788,59.01281469021197,8.388429426821501,47.17586704458244,0.49686394270248047,-0.08552484017664455,1,12,0.01549214278812805,35.57415785459173,38.06317193170047,34.052609915980405,42.437305707213994,47.090190218500695
32.455439359269576,36.11393958760982,24.610560200398336,38.5690453417506,0.6446598686161817,-0.11142411345073944,8,9,0.840456347062486,41.001253112845475,46.43601269303459,54.32506943539504,56.25477025128847,47.74303150720973
29.967681499052993,69.49331424763045,23.9740542412909,73.2420478023599,0.7769670568456291,0.0716018959213005,8,4,0.29173795981264683,54.76165842125023,20.443369212998725,43.09660464083006,41.26289505099089,70.13704473471677
24.18694677493317,40.74755293024061,9.33525995446244,48.66354412515051,0.7049608577336889,0.3689902091797363,9,2,0.036655395168237126,52.31657274300295,14.319702020347819,32.591509757129394,35.929332005465525,62.53392666512903
24.377478868459377,77.1324305607722,12.72956957154804,18.074970050136944,0.2745013139842177,0.5481996438185568,14,1,0.6350927872097057,80.16256198393197,60.872590319310184,69.87502959471028,55.24016469950214,31.772152268494164
24.23644061768415,94.76827438667453,5.364307380448932,24.044522524350953,0.862782406860686,-0.0704554449437178,13,11,0.65045662764669,67.88110539001957,70.89167752216804,47.65940931959232,63.16360647574818,40.39006903650224
35.93183925723832,70.44879370625645,13.069783283307853,52.539500871716776,0.16150144705573896,0.19957560155635434,5,8,0.6587062087749485,53.93194950792484,61.11381835849548,61.9534924173126,58.27001781515882,33.96049414205452
32.108842197040005,30.082793506307883,0.5819870370563252,63.321014242786205,0.46773672511003705,0.4715767593698131,7,2,0.013826914052291861,57.1206939564816,33.8590535798804,30.48176681689518,46.068934642846806,48.99777447535443
34.256345663927334,34.57147976139491,14.306808689622082,79.70088891101291,0.45521656356786977,0.5680805037304926,2,2,0.10563380953339352,64.91145315665696,20.95099694765817,36.98815424942673,33.618066137780026,59.28313336898689
32.91140792001879,66.20675119018301,4.375424384859306,65.26610746063261,0.6995922073614491,0.21234818331475225,15,2,0.13229389224499655,89.56353776220799,29.968381311409452,56.81082636239986,51.81547502541906,69.72173755359184
21.249816394978467,62.301764595557884,16.678119262557335,22.237292992665257,0.26546685098287437,0.3071860754007572,1,11,0.6604161789415977,37.06367436699631,73.06077117131458,32.48010435880037,38.49700461604471,31.159568604233357
33.4206599330675,90.87748422460294,20.16549232020074,60.621413250224,0.36910580912451463,0.06150515335962031,2,12,0.8606256161556446,55.49095556121261,76.21858018082624,50.14553703265918,55.21661582013767,48.962938202646406
18.210137131796937,58.343420372119105,23.570991963197695,52.98454486279662,0.4968432584108057,0.04989584375967046,0,0,0.22448647802751287,40.156129366401665,31.94424982253176,16.714497347999522,27.936850783485017,49.57370039671337
37.002877711864954,38.048241024003346,9.578721808989677,76.56692918003463,0.2320573370468869,0.18688340140329668,10,10,0.5569626240341401,46.98958493909733,54.95932391859715,63.4581598939466,39.83752448563148,42.143874494947624
34.50785766254343,50.90122850133946,3.4442474651476154,51.298585831408744,0.8590416377083194,-0.19321530838208184,1,0,0.41704493258507236,73.53005668503862,13.388062888690314,34.702202028504715,61.2493173459225,71.1792427237306
25.026957787774414,52.10826968911221,12.192147803084765,70.34039316362274,0.39476961463016935,0.39558656530576203,2,1,0.5607248556339502,56.38001746293607,42.00022538859368,23.85275910432028,34.21285493218244,46.377272749692786
34.52792608581258,88.03088352022337,3.6671967545371524,50.26052411137661,0.394790052242523,0.5099087530433268,15,2,0.21994535514197233,74.14272401223562,45.77561179924115,66.24187500642724,55.494993411881396,48.1628025167612
35.46075572721321,69.6247392602744,5.317093332152726,18.441586787745162,0.18435275820520072,-0.1289504943887937,11,7,0.3482178540406512,48.8570977115662,71.21736987765898,71.30428718005146,91.06498273300649,21.605203395814776
27.429545240383863,30.029219194826602,23.023829686893112,21.93690135320727,0.6755023625283528,0.3030923817299907,0,10,0.6513877305621525,78.85508278131083,37.27778872421524,31.159650103205927,60.06851096770163,49.58700860558829
28.230771005334397,43.36129639354571,6.452706520159385,40.09480687415754,0.15714897677609746,0.13389075966418956,13,0,0.5650154359213367,75.12963983142389,48.47039129689794,55.54251078569106,55.29286792435342,37.073862477974316
31.969248817511108,82.18850961719008,17.94253927223486,61.41085697874861,0.6946846511349012,0.3916719406369326,7,9,0.7380084776883398,39.219123322665304,63.641488242207835,64.80800871802381,41.30934341346219,50.787397585805046
24.69415637582025,47.88260998118626,19.53620770296324,32.45357960177965,0.7820478601471368,-0.05829316022396913,8,4,0.4010756094263903,52.07209549653564,30.29942793826994,44.108268536043,44.12074435110192,43.156813156634186
33.71110992954414,33.07890456487075,9.723717491381018,17.626081890560886,0.8665986259193372,0.4321675496248771,1,12,0.9101605316960185,53.00132801061681,38.803192100448925,34.97965059284563,65.8903777702287,44.130949137794666
25.517750838084645,89.41446837516668,20.918507190496356,82.64894873550111,0.20119582589232407,-0.005328897568912083,13,3,0.4243520609547621,61.968412619066555,69.86854780094134,66.83367875880893,38.5314690435219,43.45558482091461
35.03536631184195,69.2403855453731,8.85397314732052,28.152386953765593,0.2534465696908459,0.3953397913192493,2,6,0.046319551167367634,91.07885189572934,47.46226492229728,33.45517552576724,69.9574338794282,32.45990051239545
21.990500418482547,42.033847991023045,22.25836836925897,77.42019448040097,0.5342450038342624,-0.0993709157168171,2,3,0.7541523380344677,83.2215387560743,32.86795228015543,23.264713578360897,28.924355427134277,57.24212388014877
29.661952232357386,94.17914733906541,6.124964983991485,55.108438565947566,0.6204395184432347,0.23928575681957048,5,11,0.6050075319221164,63.94973127630353,89.94351115363452,54.07045498253442,49.30945304011403,52.79682226378609
27.770623261269243,67.2089426896026,24.976351534347,64.86287561187005,0.8034145465752346,0.07711043122460426,2,6,0.9742689906618556,58.79114747213825,68.17485415758883,39.708257669503574,33.645409751862175,45.71987994280247
22.36124056740643,30.196754341923175,5.897400386833581,28.520068264856327,0.435609306443564,0.5108775230474305,12,5,0.8451876274909911,66.66994214750014,42.62335856510502,55.75108222869014,46.40877523701151,48.791573578034345
36.590937171445475,50.15780131972444,17.91405945706857,69.0417611928082,0.9012886941069167,-0.18545881346483145,15,12,0.3915902176041651,82.76556712745742,38.84220365171932,66.16602098467543,63.653602453433244,64.85139226520351
23.28027141675667,61.99569010160942,14.004362469186885,66.97647653992419,0.5131592095219836,0.344226319071595,12,6,0.6593206369585947,73.42617814386445,52.078526606514885,47.46773591484388,34.403736652232894,43.45625013413195
22.37910044922368,81.49023936321194,10.876753608251649,49.86309173558519,0.9102956272323182,-0.011862011320865673,12,0,0.11137260951784411,48.93660600066729,19.693947039446115,42.74324001891946,38.68061064934742,64.97486285649431
28.43483789053647,30.972241135705723,17.045023568544906,58.00082887864175,0.16678333532378856,0.4536093069062365,6,9,0.3082237455683131,71.21646908604144,58.50221785074713,42.45009768421695,40.53028129389445,38.14403951270243
36.67103292540017,67.45848084541896,14.195328638988622,60.2677186292687,0.4892452911371592,-0.156662365198925,6,5,0.9002522101178897,80.88196762231826,56.7732719678159,57.6993390294355,57.168816690644796,36.842817420978854
22.198510199859488,43.06306555248305,19.55082331607006,62.02963419365446,0.6483344033476733,0.013589966386411939,12,6,0.023069953489327832,42.40692499822439,24.30919068100146,33.095571862381114,30.055724528106662,65.82029763248094
19.671283127137013,31.159752571595305,18.131446846191785,27.005471663521973,0.29461552413389547,0.13904577811253688,9,3,0.6165770797461895,62.68447291175454,30.181732502276315,36.091733692392424,50.43606547550537,24.95112048108868
18.078846650653634,70.7160021733749,7.071246425773362,49.60595202469955,0.37924486494239307,0.5970085957137943,3,3,0.9128596014892566,87.32409801430526,69.01580471219603,31.78047794398736,30.935649465248375,35.55494703878181
30.375924546752124,65.41071545834151,0.8979470334856826,74.3490121277918,0.21453020097154324,-0.16242210637249493,14,3,0.4757886050575182,86.03147072025084,53.30589472080514,60.42534335978986,40.16766629059348,46.81637170185072
28.541848949381947,41.341976231565155,9.901380066958335,58.81550631567948,0.8993837696028028,0.32944964388512726,2,0,0.7050082766325282,49.29929402506214,18.611895277602812,29.30195189650399,41.03579996289345,60.79985615309977
23.10395948630011,45.328396752360284,14.331545019337325,68.71423895956156,0.7929148681031043,0.11813589637631283,14,0,0.48397499846555336,59.725544190617995,18.76709064869764,47.093584365002215,38.52542642876532,65.25910410971937
33.91492759714865,71.97157626620002,6.5359064541477,59.4609282797969,0.24905525759627534,-0.1444747933620022,4,12,0.6363698584586601,49.43368959839431,67.70745530708598,59.29794041788192,53.635619671325216,34.939210715454735
35.37618395956923,52.37016054590481,17.400225101927564,61.23489526478147,0.7438331403772783,0.09274333141398838,11,0,0.171039241112511,70.14356019740427,24.298242690531065,52.2983936400975,43.34352380052461,66.79084035087983
18.34577254371625,80.83921422593473,13.734410854746567,69.78984719120555,0.2753471153391294,0.12593853661691484,7,11,0.17159799124716568,38.50703351731503,65.05904106287109,44.26060246375492,35.08007973024186,43.04205626129229
32.988607804411416,31.245220462086394,12.009674210164004,77.72713555759272,0.48391133784814755,0.5697165756903957,14,8,0.10945712754279413,64.02850828564095,35.768834866001285,58.00857788095432,33.484342205240324,58.84349447072267
21.141427246140683,52.64209338758397,17.247758061680848,69.28786313048798,0.5492540812455738,0.5654860221600078,8,12,0.4734370539077851,44.135641376345376,52.21137425536659,40.512079835791425,28.45351635388322,45.82559036016826
25.88186012795493,66.16491830786538,13.320219211448181,79.73129921299423,0.31505954831640337,0.5425267620413412,1,0,0.7692032815330766,87.42108345055922,52.85915924659213,45.86865249562228,20.046806166019635,44.931561014873786
24.725147759769072,63.7085635695839,20.236726700253737,28.443008407508366,0.6343113324212779,0.1445045276126553,13,2,0.8314402072509596,53.50680743539583,42.57775858390254,64.86917051854378,48.93625741805427,35.075067827583666
26.01341779712611,83.16780786441176,16.93752123715315,69.15830917863957,0.4742348029006306,0.009149779762188365,11,1,0.7766559899840447,58.670756539509135,60.79509642844863,51.67451666826036,40.6807277160174,44.58781258018062
30.17468231517217,93.18349691187986,3.4725976912307916,55.14635192629017,0.19869492581978176,0.44633473496656,7,8,0.4283788159925379,80.72743231470493,65.82811295562675,47.80646775390154,44.648553477459494,38.13846227371066
35.957222192787754,77.51229435773998,19.007894655375694,76.21453128129096,0.7595108933876145,0.14548207220275183,10,1,0.37336477998095274,88.24282871964417,35.62747433974774,59.58957086760378,36.663903920301486,77.62262918417295
35.59543021761441,39.22453499572311,14.603436933312231,41.477617759534745,0.3825484761301059,0.3419056205415844,7,12,0.7776337382402986,62.71126780678858,62.16580629189504,59.04423361306585,52.70872616630489,40.3650033058354
31.65671739062846,45.414998113419216,1.593387189371992,74.85780083397408,0.6175915095385818,-0.06809831901994495,15,3,0.9899335125895308,71.16214705042836,46.87556391221128,73.76031791122347,52.62049483059141,50.824865808860814
28.95564884526441,50.11027956930678,17.45138070965229,73.33620761303084,0.7553134855639052,0.5816378976383032,8,8,0.3212254315588653,63.38187394490642,30.080655692294833,38.64580136858767,22.4909495845822,64.03456527096708
26.888548530308213,83.07707568733197,3.592089653974723,38.49875242045847,0.3564369280743779,0.3582945184530188,2,9,0.4560026958865563,62.247674454739325,68.82417271939558,30.194866968390805,43.688337485893705,37.419137397138876
22.462246463752564,70.50297807362531,7.373920266606324,17.112358704139808,0.28846359885499184,-0.11792514218892691,12,2,0.7956044214490035,51.69143163973461,62.12080712968594,62.167237468016694,68.11684850334595,28.354900626875143
33.00254351180527,36.31085909305085,10.705302187122129,49.91772164524425,0.7899095090067508,0.4513741281850396,14,11,0.6978729278677018,65.24168100953574,46.27738850287795,70.20351088746696,41.733846158809584,47.97736015107662
35.49636249958357,63.18052825239152,1.7321898836776595,30.714443561032738,0.7478269061197393,-0.1110765944010522,7,6,0.6048521921047275,85.06576921711937,42.5624561451185,54.81432441198172,73.03688329469357,49.22252483005495
31.392986191156957,41.783760461750724,14.032862085215395,83.6474727724341,0.5737385273716015,0.316445493808358,7,8,0.8303883576755049,59.79389865210178,65.05215520701785,52.20217908105594,36.57619639029758,55.65423084992378
28.15249497777399,79.82621757814336,0.4392476170496651,54.47408686090612,0.2835526633292311,0.023506671827082937,11,0,0.16946276018590223,91.23787541736766,57.56445349271404,52.68980629936658,57.258761496644865,50.38629669060019
35.93108544370324,63.754828871751535,0.8820999854425304,64.65770744060369,0.9081439265957654,0.006442364777569043,7,6,0.36127440105128117,57.256647171102216,40.056521665189926,47.89179444267803,51.63502129993357,65.63609104131022
18.552940501753902,83.20567733219211,19.321435560966467,51.15456098668635,0.5325493954947385,0.4684215227735627,12,5,0.15946234329329845,52.83523347239486,49.3655006089803,46.422155608438786,31.64721486299925,53.406178491704736
27.319338945275238,84.57796041176582,12.124968580436699,80.0862754198568,0.8433612284719026,-0.051769936716781734,15,8,0.21462474912077523,81.92834545513608,50.49683497372623,57.268087263286894,29.82810642876987,80.24870375423524
34.01445942922262,81.75050458756436,0.8344056388733867,36.16010508296301,0.47559524187168256,0.2684656107553946,11,1,0.3352830205289248,85.47903017237365,43.452311414979135,69.75412253698462,62.64600379492686,55.53520767386503
30.43851050167008,46.85869329232514,6.2450524826562495,84.25476984241263,0.8191238471758012,0.39020391715971564,1,1,0.03022471118476666,44.9985127392343,15.587938033223686,14.370032778110774,33.10703336502107,75.65833805018354
20.93164205804602,66.3447786003924,4.580553159967746,36.45000233630141,0.8739039646016837,0.4946228132389468,0,1,0.24954380556093847,68.88692576617689,31.9444658195602,15.868643361645827,47.38723408425161,58.81143746573969
23.86245960250247,44.8901524700546,23.39190925490107,42.22097984893542,0.6006571785976956,0.04125965940281162,0,9,0.10144127105864253,39.08356795639585,19.86230674401157,12.771947384504497,42.53170207687749,59.63234956324575
37.14521002665644,36.78146917469543,4.5786766636667755,45.102685548126324,0.36721615766275434,0.3192068389057657,9,8,0.5263880838900952,69.83824617995788,47.638546499497735,58.42618010938581,62.72403199767497,43.67320911130682
31.68860082789788,51.426932011899865,1.9633820110737359,39.15093999267427,0.6978509742772707,-0.1024121077973458,15,9,0.7754557163575756,71.21214243209383,41.083125055450196,68.6227539952348,71.69347214070851,49.653136468393186
32.13291398284164,33.55679523205888,19.982177966541574,50.45034782519352,0.4985396501610496,0.13640895415878945,2,7,0.7245785007829613,86.07066709629996,40.46249866885883,38.794883548118214,54.16968646236034,51.27862666892337
27.8600129556594,55.41646563324057,19.05947042667729,36.000686282856094,0.3102009350466472,0.2366633550080991,11,3,0.033233162764539026,37.93981737279141,27.883661953977317,43.12321407203645,57.96687581983778,40.78201907633049
34.361664210587065,46.99333330329179,24.890661540097014,54.4284916078942,0.3291270623912775,0.19680381561947513,3,4,0.7794719846269478,41.03150549105918,56.9751235455841,53.00820718219838,40.63944099640613,33.99542693357418
34.99844440332755,54.53021818754725,1.5101894198908117,35.41440495769616,0.33627863983560435,0.49605009495128366,1,6,0.6835442374463132,89.84079153242037,50.36885639343806,47.738164566256124,64.15052361073482,44.04881609862819
21.237301800065563,50.30719189671305,10.07468037823446,48.3911123512578,0.3389051366382161,-0.14702774431189125,11,8,0.023661353534264462,81.13982618694732,48.334944346827385,42.06002798616143,54.88203060267067,52.56030087007886
31.044440932351886,90.56083384432253,24.107646779849183,44.869814933575526,0.625150965634282,0.4422456429873379,1,0,0.5270159168277156,72.21395136960876,64.47974755741541,48.02539666318307,41.62980976288388,48.32420602416101
29.15631098105369,89.75472309638789,22.399453768101203,40.19761490103846,0.34854845775241605,0.43103505813662163,9,9,0.5053398311374923,57.17472479371487,86.56960119143467,59.034541096190495,49.33998688058674,34.98261649019493
36.58477733687492,60.83680992207685,11.365445601598248,80.60675032198557,0.8890393997475207,0.568613855103109,9,10,0.4624061448243386,46.987059773336355,45.46996395267209,59.693546972759144,41.09959532084622,68.58060442325129
36.46008702182216,93.07549058729293,23.6918536718839,53.854031840559315,0.5287476574811701,0.590112407014389,5,2,0.1875302616847626,89.9013909715126,48.099173643746525,56.36531444738202,45.304059145280746,58.211939956718396
36.8844230704311,69.18793601766366,10.11571556098837,53.577210102558986,0.8323317170036941,0.5302789289082621,15,5,0.608061002434322,50.914548922921355,51.662202002718324,77.64688265742069,54.670957024637715,51.17578083015291
24.756734722615462,47.68768954151213,3.775640165786298,24.768056634431183,0.6978250590998706,-0.022689597141837325,5,1,0.9988716897642888,49.81524060767625,41.14268618111466,53.582936789813246,70.47073409149267,31.44530266024638
21.616223901199376,85.05835214441916,20.699319162169605,39.47798257451872,0.7381650362368272,0.23443220667554227,2,11,0.8028243713039679,37.336758878715756,72.99094551252011,26.381557488749912,33.444369161502976,36.946851687716105
34.147517796742406,72.08678777053308,8.470657938049506,76.88213858348666,0.5854863501089431,0.4823423448155218,12,8,0.2885161037049282,90.57606566407908,46.16744793337633,61.43460131791128,42.31791389066464,65.31263670924584
31.724257600723234,58.00194787037791,23.36531275889105,82.55680180332288,0.7410834586194622,-0.006004189037971841,10,9,0.020421750965055496,82.10482866007838,39.36616492066357,53.85040132674985,34.75514405002862,75.77428959712198
37.90112677512079,64.49406164828488,21.579563560260954,78.7740014814706,0.5492209088416959,0.16457114041535015,2,7,0.8477395028814141,89.98563320124558,67.19845545729507,38.03602713041459,40.68320712768653,64.80560706092702
34.09579176436541,87.62161110298406,11.217904606981168,40.88289777961241,0.3451577412483836,-0.09326626366544995,0,4,0.8719778047478473,58.87214242400638,68.85396616334866,46.12888684054916,69.25361497495206,32.02862386035811
36.71817296676605,35.303330020119084,10.365779506085582,55.372583467636304,0.3273007510232463,0.02480998738777576,5,2,0.3451855720606416,86.21482803947156,31.6527344448688,45.14486449090301,57.99578349609688,58.256043580923524
20.345988724396314,86.67190236105881,8.179026693199386,81.95581141937474,0.3927249796076173,-0.13370050939494363,13,6,0.22786557930991036,77.92041948198242,64.14522662129633,53.67519484650796,25.957635137082022,64.46837724874557
24.226620539606746,94.91381182390462,18.294191576850157,56.32880551859589,0.817680689995972,0.2714493597755417,10,7,0.23731560280537956,73.65238373354921,52.16294671114358,48.98451469085268,38.0439587695631,61.8899517339876
21.134417829698304,58.11701857710615,21.477291463668017,21.609368437990263,0.6637060224855181,0.29009499398886823,14,11,0.17273487132406673,80.58788776424088,52.14519574237493,49.43220642123284,58.84620680182078,50.73899912295345
28.3991925285045,36.941988490025274,10.626646746823948,60.6386850541666,0.5336081121475023,-0.06733642492030176,15,4,0.4429616744259298,73.12586443407918,32.349065500232044,52.450088440793714,53.00874793332433,63.40003333313718
37.08934058695186,50.488564873108984,8.857293742198035,30.598994644905886,0.21519595525947288,0.43203743211348095,15,3,0.2826877353453131,45.36238776655754,30.26221652840301,70.40899013773485,63.01104847857579,39.43008102471448
36.12593599090523,61.13721337019754,4.263535933927512,37.88162340502811,0.37518766807591175,0.3737070700810851,1,0,0.14204221491797708,73.92445185452706,24.206943910106972,36.56244993451909,70.56997402697127,43.09956844578872
20.786505188094,39.50978347387129,5.7575049189774825,67.56374929375659,0.3042717424407975,-0.17169968262063426,13,11,0.8763184242909228,45.534683051098924,60.132581651549984,58.99873530783025,33.73607659180112,37.51197065877852
36.62899514757004,83.79666658493198,14.71002818924183,15.625675729959923,0.8304254429408334,0.3822093172260433,6,10,0.07182520457199104,75.38792970245692,53.16367943072769,53.79714259482863,64.37963645556113,55.19516835164935
26.507935799638236,75.58369926270186,23.020532617865346,56.9828534101225,0.3250084039614216,-0.18594083975265863,7,8,0.8645978880190527,38.76059082168433,76.99137328545808,52.396418619546765,43.35815251449689,34.9215101213897
26.162791323896126,37.62381843709149,16.519806096210278,56.45150303647335,0.6487466159564945,0.2886332549441503,0,0,0.17446284956631963,44.43760411091405,27.40782889935202,6.340909288201765,50.12475980314777,55.02253002628791
21.56780619307351,37.69016158611521,4.0632512154019835,50.5882419576614,0.6470215325904719,0.4495398880461094,15,1,0.6161867473858301,79.10885716644108,35.34773746669963,55.72761484132364,35.22937444412516,60.88023090144164
35.74423862045356,54.485608443415245,13.08371512839465,68.80817062630203,0.43605378503295733,0.31928212370209025,13,0,0.48090564756860044,40.501581071707534,42.88886113414227,65.61996479424717,40.80875937103248,44.241540662826026
32.94160177862132,34.014078070426784,24.84785530432617,18.809402009683826,0.7858257994081486,0.3922151467844284,2,7,0.4388571651449872,78.15654413640041,15.826792878865017,31.76558371718058,63.226342551272744,49.431215462826735
30.901636531343886,83.40977572938979,11.577755452326343,31.580065429560165,0.527807903901587,0.00016648834969607007,14,6,0.46250818310651787,79.48875557377248,71.06651730634898,57.337043764936766,64.83175528855618,47.30504898509152
22.586812568710116,52.990819422199976,12.190742814022757,33.86056978577548,0.5816901009254729,0.5027317331561372,7,7,0.2868395217364318,38.53291540413195,41.30616892498047,27.803946832882573,41.24569264701038,42.70058751908266
21.710996594269634,50.740282593977085,7.994327722012559,82.08849099245727,0.30690336041566535,-0.1499837204167129,14,4,0.13444197102967947,42.21517201273998,36.06952612886627,54.49588510741183,36.70994551751029,58.03245222955288
28.033995320407,35.01147848183485,21.56861185035361,34.92991407486329,0.8902632044093282,0.5452309060450606,14,5,0.22856694043833492,82.5866046142227,11.98948292855747,48.310332892266636,49.417071259660005,75.74543767047906
35.00035757627913,77.40328968955659,21.903487170918844,66.4292038671162,0.6444747196988037,0.20014172182161022,7,12,0.9591648240001723,83.38461994753773,78.08967360579707,58.8758574042653,43.48384914589597,52.63683540141612
18.216322697579155,44.783597841605655,10.093311127111745,56.031000866385035,0.581877076677474,-0.05934733889177224,14,1,0.22232892758527967,54.87640096709957,24.75138867235503,43.74490417403864,29.327843109680607,57.188356610179895
24.69803381167799,63.26893705710392,21.494993052365274,25.457296745387882,0.4123598771880779,0.3536230461854269,7,0,0.8299786351622237,89.82403300835331,58.249838802778974,50.52839933556042,46.62335237657276,33.64395286335062
20.12497818826875,32.30405077498503,6.112607953363347,48.46900599708034,0.5409154409644246,-0.02593969460685336,7,7,0.1812058748383879,53.59403499533871,24.741467641170974,17.941628363225377,45.05693106506922,58.51110236411192
19.144963391832995,57.6485352152842,24.173964474535513,18.753366029445452,0.4721515910658909,-0.16768142491550356,6,1,0.4625264515730515,43.978263667991,41.132135085142,33.36292775797886,57.02108280603683,43.526499026695475
34.505531239659035,59.91754008189409,22.065277471103446,36.4286306265771,0.633199643994059,0.5386508434413315,7,2,0.8007285593054033,70.99645474117226,51.63152531076163,63.698254089731655,57.18714783517278,43.57420395486094
37.20164215970729,34.07496199240874,1.6370849498597073,77.87093345271916,0.38158685406600973,0.2776160262777201,0,3,0.6487583756275316,45.970754048391555,40.001351649897124,40.70618928574767,44.967301428724,46.65043989520099
20.804133353424337,75.89938186001478,4.207067899860581,35.448847383170126,0.4094197487547184,0.16349343758373608,12,9,0.42794513465370543,84.65233642182255,61.589173473732004,59.890445176731085,41.773231558930455,42.09848998268452
37.5585460372818,81.12810727494376,14.318044215850312,26.56616585166883,0.28296409940581035,0.29146493988811334,14,5,0.6758595005151458,56.22838031928305,69.92530337158409,73.10236293128241,65.58323149509664,23.659346355842025
34.39278609797105,66.10010635267798,23.678525997666558,67.46403969515296,0.7419476333921105,0.2072467473576124,12,10,0.9420634453138168,76.13919438311996,69.87455466325565,66.72577055321453,58.162145224409215,50.637633538360404
31.85800810231876,84.2610530750625,3.971037268234165,20.19040255762313,0.8326226285278738,-0.09423253040730489,2,0,0.721054368766489,83.31978658343455,51.47450193950664,47.78715744004374,66.05357170451936,44.78882248965298
33.10464140351172,85.20348652786777,8.031118954129917,34.1673429412956,0.3561996240496886,-0.15952366558211512,6,3,0.02565091696900501,79.93923448069725,49.44706178222956,53.09495562901134,64.94809257179061,42.11400503254567
37.20757455114043,53.873954918395725,2.208520497240929,67.4752035070146,0.1664027911733712,-0.021629332411002983,9,0,0.8981483716198154,35.30193365698962,51.31063469024301,68.92589741341776,58.05003748438597,28.111577953699847
35.47390800938916,77.73247320279057,10.807360649805823,40.0618374658779,0.77823395057314,0.4056482388286166,5,5,0.3413718626101272,37.2166154107649,50.83625174293208,53.21980424462451,60.20492214067778,55.304009620902924
35.1428363536115,81.88035519913123,21.139346195704928,58.66602529978303,0.6305285879553159,-0.10085460275758669,14,9,0.280026410870473,64.59743979781346,64.8005153562796,59.43128104311024,42.86447430145232,68.39511026531662
20.08181499918422,31.73826157336212,0.7043568695465047,26.917253895260863,0.6851102696122205,0.09064471476641495,15,0,0.9880226313768419,65.4025689842236,29.55259852157989,49.14256825474651,51.47289005988587,34.38105982843529
30.258978089299415,87.56573029143992,7.5428423019271635,49.08780359921735,0.1528058770715119,0.4878514250545621,9,3,0.2712968983283689,91.85961864502897,66.80307930351194,52.198290411194456,48.377733574053984,37.62471580915867
37.721200957413075,57.990409064465766,5.753349707320226,54.8811677188972,0.4616649367038981,-0.15603168948650367,15,11,0.015687527283303915,86.21356723749217,53.0440760034076,63.73378261757846,65.97488332000819,57.85285158559454
30.04614146857369,67.54860201014802,1.2421756561993513,19.16474602759478,0.7100122603734866,-0.11554785686487215,4,3,0.49883659382335876,44.35732939592285,47.18562148106676,45.56983174960522,69.6991825205748,39.08409591899677
26.55746322467249,85.04964872643183,9.080484757667474,63.707426482611574,0.6037193462263074,0.07776689336574288,6,3,0.6527430920994067,42.61657580916513,53.30349154716926,45.969254909468724,36.2577862408053,54.86705235517938
26.62225099764838,43.26529199860642,24.026732323121653,65.3753449510098,0.606605089962557,0.4790937448474894,13,7,0.44147061233290386,45.798471012060375,36.52343354301106,45.532116339074236,22.503626926464566,60.007982993645136
26.841700200737527,68.55534803675215,20.812963101906153,84.53342868573792,0.3983444926664875,0.5215635709826951,8,10,0.06800669031955309,54.047059058671806,58.3624370459067,45.627751008764925,23.821943673966704,56.19841345017427
33.27127527615155,51.665065227778925,9.56880738883164,75.59437637578145,0.8986005521302051,0.42108587261426583,9,2,0.11265163216384733,46.92469342265071,19.671907085805667,53.13871813015674,40.51497288211339,75.62497863973866
26.33458489566028,47.79776263600145,9.516525128524108,48.323541675671116,0.6996432111753111,-0.1285267534168969,2,11,0.12756003113018,49.95965467242896,26.971390357109357,16.6763832004634,57.59517348271909,55.760621485510086
25.862581597024498,35.96930322745307,0.09356070872612587,20.541310346703447,0.5525063956543681,-0.01528564389524617,13,10,0.857508633071743,43.255482009771775,54.087075993309696,53.84927463157339,64.78789008649719,40.92984763035628
33.73729801874373,52.4561790709143,12.389119968604408,62.17265738310871,0.7831376198471838,0.04096727225796143,6,2,0.9784533737558676,53.24841004490733,46.59863531239255,45.617212100690594,51.23306759862897,44.288486127777134
20.829148419083523,61.65604941943802,12.773238417784425,69.13567297423583,0.696571751843189,0.5296330230686934,4,12,0.7278513261995407,39.36114118332444,58.884130161244194,18.033168223721415,21.02958624576116,58.052687925996324
29.65889458901743,52.72923301229387,8.473171121092898,73.38049037108652,0.4748885321745294,0.22191676325156212,15,7,0.5629967798516162,47.147926285652204,44.714072027451344,69.58881850490204,37.185329319190814,50.71524086138398
37.882311892673386,80.18281394447071,10.431285837107687,36.09462956049981,0.44860756680974123,0.3769666182190999,12,8,0.7020925120005874,85.67295414073774,63.97358721981774,81.98305780715215,63.57373626722756,38.813905848584184
33.53327254675786,30.341908013442648,5.392773894744546,35.750633761427125,0.8779537698133595,0.2056369703735343,13,4,0.40431211561367186,60.75387015565457,12.803684031864105,44.80875902200697,68.35412845632776,46.50224924933197
21.980302219109223,47.4640746645466,14.901229513952478,60.929618940891764,0.3060831375534826,0.39702549819721394,2,2,0.2630106465894142,52.4873456649518,29.971531041623354,29.565870067664562,27.935506295023558,49.41166488812411
34.258564946718465,55.33915123666702,19.535932187185498,29.436994040116026,0.5374862144657422,-0.10540661568906372,11,5,0.5203657697671906,39.555346401216006,49.68640972377095,63.14930991388627,54.59247862361883,33.45386533499026
19.90679371816402,52.838155987084164,21.067143072902642,75.88292372171537,0.388401909675103,0.3751136681931651,2,7,0.9834222587594326,40.39470300051243,57.59189028232827,27.26911119190575,24.799309316149813,39.65596700167138
19.042090713756522,59.48517352304148,17.311844736097978,64.01230500621892,0.2893467842858046,0.4863777128046291,13,4,0.9643679019724178,41.7350991622613,56.3368668273644,49.24443466696204,12.900213928877246,29.238464487454227
29.586931320226007,57.5911435430292,24.827792401341995,35.33183027015839,0.4681208970845938,0.522288829870494,15,3,0.15268114212853778,52.66998573116065,36.14644910314587,75.08113317046704,50.84047360328723,39.66235299344783
29.34573811189486,73.47185605836873,16.776409278169897,82.16272291865698,0.41682749048858925,0.03981353738862303,3,7,0.42941845923866173,62.003993521816966,61.12237782464929,43.07497828543756,31.595016833661916,58.80088968332157
29.802911853612414,79.04737688616287,0.29658821102068744,30.59237035533694,0.44034546375402783,0.2054539576549348,7,4,0.64899925814905,47.90465848329062,64.02812697217247,54.31009427926433,72.37130674576657,37.91309079035215
36.972082347730876,32.91074631381536,13.251626503379526,55.44693199846924,0.6884417591612441,0.3109876801125285,5,0,0.6318576734090117,53.37611256288473,26.83373654295823,49.3967303286459,60.149673942667775,51.27667336330424
31.0458177065495,41.43659966069103,16.729350033311558,66.58848860493404,0.5268459011531104,0.07229254639003618,10,2,0.28996052511074055,78.5382166597937,29.232723654885373,45.12749565857842,49.78434155297343,60.6845980937099
31.47076847365897,69.70253328119335,12.960549467842839,28.847168080918884,0.7989586079298246,0.5714113379900763,13,6,0.9332387558846558,91.88568865022715,65.15288106288287,68.79566171663137,57.375988556501696,50.83203542301294
18.941788875086374,59.46809522633969,19.680124934906807,37.75942638827878,0.754017815318752,0.3238413455703644,1,9,0.28574088837739,61.792700822053675,49.20849791730811,12.233010491794495,36.84497180750479,52.396264105818645
29.60468422751674,58.678722770596586,6.673487814139051,75.27787128283823,0.5543637223333293,0.538487578908635,1,8,0.01578759652871664,87.06811438789462,43.22023599286788,27.01782586343888,36.787425671064895,62.02244334454947
27.643496915336634,79.99934165475273,12.828540058967144,27.321728909170844,0.1947967267232044,-0.09905097897079003,5,3,0.36773412143970663,85.8677126939869,50.05719309246265,58.242493566286214,65.33685945010428,37.165323452512894
30.341733925889738,64.58828957331545,23.796416280423504,84.6764612357887,0.7947949121502837,0.44423691591224185,11,4,0.5797835061619984,55.03392788008645,37.95281496674495,59.848844008828756,20.037806156671287,59.801431126180056
30.17879346675985,74.75498682128222,0.08405715578446993,50.75500347959754,0.4401933946371259,0.43390462545501424,2,0,0.048565688818078545,70.35191862737516,34.75022993646788,28.740132626109947,53.82531298910817,55.79383062476638
24.287692844688443,55.86489141631202,24.441866662572913,22.52669703602447,0.7628467369611353,-0.19074502827164777,4,6,0.15340233736867448,69.1351171124997,34.291159852568384,22.251856169526743,56.44261980011956,54.07091179730466
25.6643977961251,91.87143948813437,2.5301531860060122,44.62974760660404,0.5019603561378387,0.024273641463330164,15,3,0.7147521617493207,70.21709903110602,63.01881119371815,65.56317074770806,45.890494699048254,43.96120874212334
35.02656943432771,89.80152051249732,6.724375563205623,83.97948291724842,0.7786202349129908,0.43584624483304263,10,8,0.9832679733720654,60.16910399864938,56.539157496972926,62.30840207938736,41.10774431643025,59.22676275727643
21.815117822424266,52.68834553065615,9.806349895647623,67.35998697859735,0.7015109413038644,0.4666929641885755,6,10,0.5960338793894108,42.97706372978422,49.71501091916014,34.00394594184998,29.207808452791983,54.988827297805706
37.98106036273799,53.348145146529646,18.082242358696273,52.79710428203538,0.5003282865452875,-0.008106337046031087,6,3,0.18497228675997102,70.99455987043967,31.276952791024662,56.61640989991108,57.351973978169966,51.95646517804829
35.09859026947833,58.80600838660092,2.0708023241075653,84.45396788208531,0.8006373651163639,0.3280347883247999,9,9,0.1281906997548441,78.65714326388095,31.73193457936507,53.524737536550646,42.99121788472509,75.04354646101606
22.91867761024894,46.45854720196003,2.7305587335074764,65.44245198747102,0.37780036570127595,0.21462401056157393,3,4,0.7747012588222333,47.909568420158074,52.85087320743565,41.64866229149723,46.33472653793304,37.26883969259823
19.478818581343504,60.46801751450761,6.256280518086724,77.02322311114133,0.5481890375695128,-0.013305241016570962,9,5,0.1959942721404243,45.18757442772035,42.44184303155858,24.264790652162546,25.01748219957824,55.93693666016783
31.336052693949238,89.87167312472226,6.421173536694594,74.99093350606466,0.42895006127756763,-0.0846440151020115,6,10,0.059650131862750144,58.07661181929308,74.62716497688122,36.26886415466464,47.303854550704074,51.53836458386603
19.501116607760405,94.41317909233342,4.3693431681262105,32.871593248323066,0.3316551371208557,0.5263531253485625,1,9,0.4573297994393366,89.45911293525597,72.83219899856363,29.89826039208301,39.999092609822824,39.88527533472333
19.080097567529794,94.93298446424954,22.859737562515043,55.935926867236184,0.31774032197864904,0.021422180157975396,5,5,0.32278018249234575,36.21489260979162,69.11190733390485,26.167293122068383,32.915554728368626,33.91375798635279
24.894179235967755,63.24861688965485,4.867374772395991,58.78782462773505,0.7429253197484245,-0.0772306292994463,5,4,0.8678009793663987,63.815309672127846,53.510588978172215,32.796317188463426,45.10639876558748,58.0242554150353
34.079234237260714,89.9843424211504,1.3319308247703054,23.487482952028568,0.69052090569976,0.28357914601162043,11,4,0.5392486489403714,75.09029837606035,57.864002453755646,62.90450985208813,75.58539126819574,42.79925454527107
36.457695156976676,66.2556463560521,8.955501725446227,78.60943186647248,0.4492467602577823,0.20731718474750016,0,1,0.7374009455193812,74.91726855719179,55.738326334443116,49.07282040207274,43.08392198043221,53.242775594377086
37.29009752192999,35.59502758151237,16.22533259187018,64.36801761956303,0.2714570847112543,0.09225856466439186,13,0,0.556608257586641,91.71147414094658,38.433397528181,76.97831147291022,51.74633126330394,44.38406864609788
36.03929940096944,86.9852063077357,8.089789446744605,62.50274086378321,0.8323433320994988,0.41350197292258223,2,8,0.15257561456002255,39.16115347652212,54.10016858869919,40.0835252432959,62.58927080904627,61.697447226842456
25.8417435440282,62.20885538796286,9.756474227210314,42.11041704601766,0.23911426470974176,0.4924723346042746,7,7,0.14610218460201185,59.160840964042336,49.211777304309464,33.66226405895154,51.58695738433427,38.61300155307557
31.958061146876148,36.71801299838607,7.623055014320301,16.214347342087066,0.5000739643018949,0.14354406226422983,11,9,0.16711694660786114,70.99518405615413,31.728312857284454,48.7019726006471,62.530874859398125,43.43403841540542
24.85565777862325,55.43600995907737,17.89373279629172,28.945709054949045,0.8795080051416566,0.5982095622353265,2,10,0.2997125014635281,72.8403992821527,32.2550367859178,13.136781834869746,46.415120522733936,54.55511603740048
24.548331191234052,82.04827839171836,21.75566918567616,51.379937085409644,0.5198398552392184,0.40058779724260746,0,10,0.7648468123958205,56.912398863349836,75.43848328087834,24.827226075206987,37.375076861585285,44.19501837336056
19.132377677505293,56.57702356968099,19.307052097966224,28.79199103979112,0.5672531063657754,-0.1707314132625383,7,11,0.8200046949004514,64.89132393186276,72.19172233606534,49.757673527286364,52.851702625586356,45.90328185716149
20.39934793450161,93.74480353272054,0.5632611051611669,58.99576038149415,0.2822513474904289,0.37540611937562934,3,0,0.08110088284311612,61.57862921209854,59.42968672813761,32.82817669229515,31.270334735655844,48.751623314112955
34.84239219300875,48.758324500835414,13.873609517787155,81.54364605736266,0.4060910724187643,0.15152446504814482,0,11,0.3324988572344578,56.69840458412749,56.71684489286319,32.31127345082456,46.276437701055045,54.983377719561
30.472602625193048,55.35023528135638,0.3120937392874168,27.17563191765013,0.2635275330344805,-0.10729439774957061,7,8,0.13634895237379763,39.881135294592994,47.00520560206776,33.80783756022773,68.36398827046328,34.72207586443529
23.124114135655315,64.89523461944269,18.952390002281284,74.69436502764975,0.7285917442989147,0.3025706077633366,7,11,0.5197368027342506,71.10133992866041,54.090878643587615,51.596415313965295,24.493368558666685,62.141298506677536
19.107361686670878,73.8545408446938,21.611504820925894,49.819984288975704,0.20405460201799366,0.1427339693095127,7,4,0.9855393192994307,74.40211649227983,78.75512942035337,50.23966816100522,40.92240888392214,34.58315282160544
19.327177614922096,44.469424091022574,0.32418888572215143,50.68651841500003,0.8243658882237405,0.28764362775626273,2,6,0.9259658476106399,44.81645512823997,38.52681858390776,26.372057158920025,41.48395364126509,48.72980740153682
22.91958324192104,93.0346616057841,19.133658795095666,62.17262085092684,0.3216417194918948,0.21047133730649253,13,10,0.860260224732286,67.00151660067228,85.55649035217519,60.80166825556896,33.76902041734691,42.9203500529856
19.708380228487773,38.193228921512706,19.006886705016683,16.726484523698765,0.19027486986415865,0.5237148624691341,12,9,0.0042127219141461225,52.786472338227746,37.605205963322575,43.34844927645311,36.067299957441506,23.656377678287164
22.042688065180812,76.89044346338696,2.575158263034241,50.507577388266974,0.2808659871437086,-0.1627737523382752,0,1,0.8693349363117417,45.04041689248629,63.44211681418475,35.43462810146729,42.84919156938699,35.38867423278216
36.87270077290142,73.18109784611366,13.284730512169293,60.964165213971754,0.1811275450714414,0.5605282081029523,10,12,0.27613986855552963,70.81284251635861,61.901813763786414,58.541338784226674,48.30784755204447,39.44959835337852
24.78433846531344,75.0778420977795,17.910677858679485,30.480416081531885,0.634354741249912,0.32433703135022135,6,9,0.9999472574545336,37.29324505730939,64.87000406666992,46.9534887974724,50.00561915835181,25.754084737248604
35.57073113225874,59.16701248940408,16.71200994586033,41.354939977115336,0.3961407527895586,0.46738814786323385,14,8,0.350895288082536,87.1071348910884,68.35646811414874,61.060587974669076,52.32829349367726,50.46112198594563
34.87569472550787,64.65435873939656,11.694119498361658,75.10979962846031,0.5064467109789378,0.13152811348065319,0,1,0.3624918788569652,57.63175313209565,36.74963315511218,42.34418080345442,46.64252997531109,57.59062400026026
29.221839714502813,47.483931707107914,15.991707753208834,63.33591930444931,0.3819936161671207,-0.13008985480262406,4,6,0.09289842009181715,64.36843384686048,51.3775344259838,44.54562490359636,30.706774141002825,53.689762938174425
34.002577452824056,57.28300772369799,3.8216792975178606,25.910675004434886,0.8597904357719539,-0.01303626857739193,11,11,0.5032952199302889,61.3188742934599,53.916549897887236,45.66758275263565,69.57296305391304,48.49650753064818
22.765138579574995,89.90293132718386,24.855242415229466,18.633503165284772,0.5591619243953561,-0.06254456024504915,12,8,0.9895426432148756,86.12221103883773,74.35124871722041,70.67039691175648,52.183442802375794,31.978178838149816
35.98849415155303,42.42500954982602,3.848972810229995,15.851384219981314,0.29009985226669865,-0.04818972251637374,2,1,0.8677411034131589,79.45987509567907,46.84738192867719,47.97517116433358,77.72320334007469,27.137371809253622
24.46015303670347,66.70252472171201,9.540263548854213,28.13730719164284,0.6009373206815406,0.4006646399822809,8,9,0.35628941831924354,64.5665707991322,52.146743776643355,43.99004543219642,45.193996950045545,46.37466261053018
22.469432020579337,54.35199127076432,2.3438269964905887,56.44056214727013,0.6672401896156529,0.433472406315125,5,8,0.39638139500607583,88.2909088146179,32.639828121742056,27.39901744308665,41.34000551934839,61.12692235065112
29.83441050171912,74.41644993094053,19.52811913270753,79.05347332847568,0.8807735753457723,0.304148401700477,14,12,0.9114223990005675,35.1490183498676,68.33828515402381,63.32205714780784,29.10361416345704,60.322162393447826
27.66259279274215,30.70630156956882,5.894910200616413,17.038466987188563,0.6509300956038132,0.5114300629542665,4,12,0.44855689178209746,49.82804328676671,32.62367850985475,35.34157094095029,53.2254558889423,46.42257403283092
28.07869330734828,36.282284926075164,0.4548983927442851,53.11725382373574,0.46866489072881645,0.4741315954896294,5,8,0.4318963464956951,47.88240242576805,46.86890797333668,35.436079448929824,42.81288248206414,40.08516713122671
34.20142736252406,59.21940269574796,6.9662133256882255,73.54767514650288,0.6820677527241112,0.36536733124748005,11,6,0.875978614886873,47.98365992587755,57.007869795800346,59.25926134894688,43.01866663355118,56.99386752861598
25.051904414616807,38.15774043697385,1.9787371383807262,74.01201031276139,0.7495339701317395,0.030433076311613128,4,1,0.24723442603771806,47.140295234539515,5.074010133004734,15.349328334529972,41.60325339697248,62.984883980894175
29.93719376619036,74.78367063664697,16.3372617237021,54.8019409309255,0.8938777106074431,0.17819080974167056,7,11,0.6460099103773388,39.79723061920665,64.10443087370774,60.08305058061459,44.823405685553105,59.493779047943626
26.749801882847148,87.23786083432847,5.385779827157883,15.008743457603556,0.3482817083304558,0.1900339593411296,14,10,0.6432909005733509,87.38661773055902,76.96852256695834,66.57476130083984,60.697218186076846,27.26808254075493
32.72219794016121,35.223342997945096,6.067839620825216,77.01266816780908,0.5942290299367328,-0.16272991274533422,9,9,0.5066823677531164,83.70773846738689,32.570495598797876,50.14143403491486,53.295082793346545,61.19258847497756
32.044645783233,63.10542154855612,18.686187427279076,50.90070391484238,0.4020861502363827,-0.11707148263304852,3,2,0.4007800803456817,66.43289556636138,51.18350184717721,37.7663647971986,51.10350231131449,43.004495367835915
32.27506243844668,30.737157014358637,16.39799874824039,26.425235970016708,0.288849823713234,0.24712610665166185,3,4,0.4713051505508362,52.606666305706696,42.63130714810761,38.056802040889906,65.91839644584162,27.809913892213693
31.28361624521642,50.98050155381184,13.810917084170486,20.809378836290918,0.570178530084923,0.14511127068283358,6,9,0.8479028431341171,46.37814173390402,67.90782563829183,47.972433682814774,67.74678368017517,32.70896027805548
30.5712234199616,62.86733318173988,23.415650866627242,43.65737863237151,0.21352051317040843,0.04154801691318166,11,7,0.2560250986070861,50.332341752921124,62.155545151517586,47.27928527226829,57.44893273522191,32.14370537087388
21.909760795209838,57.341401890861704,8.795992324490653,84.30174398862232,0.5071785590588542,0.3434266822494912,11,11,0.6290615773638835,49.21457307043167,46.82589823819797,49.62399051912505,18.996419333281427,42.4042111686445
23.571820271897053,60.4807845210902,3.9966761424800072,27.498093907984213,0.6146830065460921,0.40081256652217173,6,8,0.3292839979029708,38.398235836206126,51.35052067191178,34.1569607897354,54.37083164606824,43.88074472630858
35.42517255201974,80.89388711518096,9.14694459527367,59.25549964672888,0.7254106276804475,0.5655042953381959,13,5,0.648281992311136,57.38183861105315,64.33331088233417,71.60723536671242,54.07639843895453,50.86638100849328
22.081931952417577,79.07041430133691,15.775247148560048,78.35751007984683,0.3916264307499623,0.47841664891701036,8,8,0.19545631015659948,42.21017903275144,62.25683426146483,44.21820624980583,16.787620244422584,55.852167087823496
27.537341249255796,47.90938733489227,24.596139873121494,65.55169776373685,0.7491090083169553,0.4149687421322706,5,7,0.9396988419588779,68.27782569281257,50.725198364169486,40.3650181979236,29.182178736187623,61.225106770278636
24.69534843279211,77.36619843453406,23.817668970370626,45.75152057451312,0.2249407450173243,0.333237185063549,11,0,0.7870035212722968,64.96222767120695,54.92701446469419,54.25431741891577,37.03243066158772,25.82111636343615
23.63017819358484,56.99433494055319,22.37273204788917,24.475932185149013,0.40006873944866916,-0.0461596576404765,15,5,0.13349841912317117,78.36534999242724,25.137571144957093,55.60813275290744,53.86495423976174,45.98235112572589
21.99975923435083,77.46453916592174,23.70689973170811,30.522170117509717,0.8839279699388778,0.060219040809147195,10,7,0.7015899510855761,46.358311115716035,61.14149664844077,49.8787057235553,49.776766752362825,53.399355907420414
35.83289065279182,47.80947275725397,23.090033108098172,24.87278912779915,0.6173641788306902,0.04624654389774313,0,2,0.09393717171916549,72.37162585323533,33.89804459755004,27.00915473597226,57.37443470208299,54.1362907944173
18.698885554334577,39.283469935767336,2.9830502352792694,47.42984690436651,0.723380938638683,0.03715550862548672,2,1,0.6407667663289269,52.16727190440682,31.85305352493893,9.047717408873462,45.74549674766778,50.88577662116468
34.136238272624325,74.96167731234583,18.786954369479645,69.07985623992701,0.5657353356572131,0.22884968632181207,7,9,0.6976482701135557,73.19328684969204,65.48277619633191,51.156526383674944,34.11799736036417,51.78883539127166
24.903244382314032,46.49903062632214,16.57956280507891,31.17124958049726,0.6554971755301691,0.2105782358726308,10,1,0.2583962641210229,64.7384267052837,17.523942346700707,41.189808923963206,56.161757539932154,49.14959926588751
19.902343785467938,31.63471757086515,24.328232799921352,21.74869540561408,0.24616325573520054,0.49677126806371413,2,8,0.4360725312453263,71.99433412637342,39.23164460013827,20.05734343660136,48.75392474204692,24.682485513481925
33.61278690602214,94.6266869012174,7.847720376804812,81.14204779969816,0.4146404000971532,0.3720745529483946,12,11,0.17078209525836174,46.721403337006414,65.29154959271217,60.506698629098956,37.810794796563506,65.91253364396107
24.86241059090193,56.404729908212616,8.496527392188902,78.80359332253812,0.25071163146878606,0.25941958494107464,8,1,0.9285946300948413,80.4820848715303,72.58983701719649,56.78341118583244,29.774773766575034,39.670475905009795
34.3468571726411,66.69466809509737,10.698732872293201,65.3611259855447,0.502555954784731,-0.09740798649216763,1,1,0.32595667979517173,69.3636035440648,39.47306830640119,34.40629473561876,51.950893426183974,58.93978182465921
18.565254023527412,60.486523046237245,1.306603725355815,38.13554426927243,0.16199286110089692,0.17527900846234507,10,9,0.10022003774594457,76.90769344365955,47.18411672798148,38.92582296130826,56.260423489912526,35.7146216121274
32.206791075365786,80.6782797248502,19.455596639671935,33.86218525755819,0.6535083974611865,-0.08152341940377889,3,6,0.0026292600595175797,46.03444526347544,44.62045042359604,43.28089080971927,63.996678653921165,51.789864481772206
36.647819623654925,72.58434665192217,2.575817561768459,25.272096978113634,0.6395383792429883,-0.027504258589413855,4,12,0.9206872007858861,89.07338402896116,71.99261773125323,61.682481818421486,75.55967562596459,43.47454241132027
23.311301526925593,43.43983742916545,9.2702150434585,81.71376015816575,0.8011132619979205,0.03473967309462153,14,6,0.1922661215866619,50.81373756086848,23.684844363460286,42.86435903792015,32.144878123037515,75.37574700231751
35.431036268545085,40.40386094759198,18.57602365407468,24.429534297913264,0.43776055904427436,0.21242925724737693,2,0,0.15676371154545432,50.45361769943217,21.853682737084796,39.68665043533866,70.00996793201162,39.749394681296394
37.93068475851372,66.83177400053086,10.287394374802117,80.08546841469996,0.3213232716322886,-0.056399407329033674,7,6,0.42730173783139014,80.4282064069815,59.24353897540505,73.24239467924788,53.906128399857444,58.244952910114165
20.91526400479671,46.005809216115395,23.311080789231056,59.14401918383104,0.17929775520634395,-0.13812479819537682,13,10,0.5674744984564157,67.22868245227582,59.11552274528974,45.20845562688925,32.87820525230811,31.041474016284738
35.64846195307767,47.24129190339518,17.0323591197838,25.66653223007919,0.2823696957884447,0.52120804629019,3,1,0.024345536655194677,79.1716055423147,37.593174357666186,39.59288938501774,64.29807082082282,45.21672055364491
31.006538830420713,50.37934137444624,2.6067115161711034,63.12472342790615,0.3953713836042208,0.49328328342405664,9,11,0.8490517619209528,53.374049603821334,72.20216019781596,56.63493427909442,48.50883096370225,47.55341970911481
34.54328402821268,48.04963256640846,2.9774356983697543,58.73792943403001,0.6044480369376833,0.016160058126860666,1,7,0.7903572544783429,54.95062599361526,59.64760687451772,33.69017959876308,60.27273886969759,51.180991852231216
20.951716458349424,87.80216662273266,19.12747027974756,64.13299355516216,0.39105129447659115,-0.18224563904947672,4,6,0.2857693764857162,51.519798078821395,61.46872989639492,39.72757424881173,33.980333547363095,57.31231671007618
23.671751428838206,71.20484316550778,13.91470989308542,79.69162625924837,0.2880597886686642,-0.03634408820601634,11,12,0.09796462078610502,71.17690073550779,64.36491771625141,55.6309592459666,34.71352590575251,51.96867828042863
29.460523975071855,60.787386275746286,18.55898351454012,84.4531975455429,0.3623515597205738,0.058751733851958754,5,4,0.7632689463058524,54.8368835640525,54.31912196140113,48.17902552217316,26.821287152090925,51.41001278542754
28.281173751084115,60.88625805503586,6.674364590132575,51.11332072738487,0.352057450140395,0.474856164574367,15,5,0.12910763183495388,48.678149091802524,41.21281253960624,62.42869355121043,48.031156481291475,44.399519674028575
26.131196696202707,92.90404108898952,21.130491861533848,25.476756575228407,0.6225900310672033,0.43349136267522775,2,9,0.4888454917546158,76.7143889834204,76.90772763862095,50.562553734847796,46.8040459672583,40.84480989711697
19.238780038950797,55.67587125485799,20.721975039268997,74.10059038825071,0.17623691943181374,-0.14437162599240472,13,8,0.49999869494219984,43.51342838563228,55.51127510884842,57.232173306192855,17.96856151926356,35.083536669173064
25.888854774626473,75.02720324592974,22.78451721728007,17.39277099366534,0.6333131670100083,-0.025466162387552144,11,6,0.4239811288833696,57.228841066568194,57.84066176451768,45.54066450112248,58.93110626028232,41.36719159420437
25.093365458929817,84.58136740414497,13.611658288117196,41.99376644018545,0.692104805240457,0.4293236996827378,4,6,0.4254204283835368,67.91288131122236,60.175915437219366,35.75850790779514,44.57627341561457,48.88311833076387
30.106364485590248,94.1451786254932,6.517152775352574,31.236695993806737,0.2862031952149967,0.3515553714465068,8,5,0.38860634007427475,46.63315132648552,67.36350330806805,53.06944263974571,54.15178120598555,38.74631281211336
20.159444333698023,34.378045208159726,9.18365202095734,48.10206215343381,0.33832517507591237,0.07974200470184767,6,0,0.3510884652613948,41.79276608535831,26.027419989022196,29.424825433122436,38.21106178768022,38.79539461844854
30.430911217043143,36.25313337531413,24.741236234812604,83.29096196135593,0.5105405924562664,-0.11370462527496326,14,9,0.9614682044834372,79.38587743590548,43.64196559089012,72.81343752043243,40.973072464160516,47.90188570064512
20.991120391812522,84.00274390807928,3.627827007993975,41.83075408503207,0.3667544271621578,-0.005244226847685413,12,0,0.5662512635348111,57.870652687507274,55.64005326779388,48.78043823038676,45.507968961289215,45.13783854072386
37.22414093064533,52.75038702681282,0.05723843365805226,69.68858954737084,0.7870817180116946,-0.1530372822397312,2,8,0.6610178670401202,43.306830421711226,48.30604541391497,56.70662860913412,60.68733742567409,47.59382481589495
27.833903424529282,80.81044155919622,18.07232580572772,84.55936827101704,0.48722412100391876,0.1420404854057421,15,3,0.6251472134032147,62.7084125316512,65.90708202521044,72.6653168024548,29.480370235848653,67.54438255184455
34.5609388392937,52.815012162523374,17.25879293779998,49.46820343929282,0.7359485147909471,0.11210589493160994,7,6,0.05781610406474724,44.969868950520635,31.33787208802826,41.538961579578455,56.95920381633174,60.4997761769217
26.23196064171229,76.66435195609017,9.087126045180774,67.16300280652084,0.8107066522172143,0.07290929136457008,5,10,0.12688066593018954,58.67116092908459,39.9319377436114,28.355459043561787,46.510012437791616,71.95438038042124
34.714518468327974,65.33901303618985,23.684704694425267,52.66002109187595,0.6341077258789978,-0.05241283108760558,7,7,0.3853025488033268,88.0918145020011,44.447855542608366,44.33215687357941,45.46614161161311,56.8571406722962
29.250701589160357,38.08143101968471,16.350382971021546,70.93596994469401,0.41582404606691015,0.2116413615553258,2,1,0.9306887114870277,41.24365763082224,46.33094033107965,36.53527143262164,40.430489926958806,37.361601761353626
18.14028876006205,41.93150056536169,18.753779479797544,43.26841437005687,0.1701844199997902,0.5711335026560198,2,1,0.5104666400468276,49.15401756575608,46.28621613028309,24.402863993831208,30.776731938711706,35.56075809913921
36.18147169092971,82.9625927020194,10.372442941122866,45.90332377276465,0.8328962710008059,-0.17250175965892567,0,0,0.2057953415650221,82.17443374706458,33.267964323967284,32.45120762840175,65.09155290996752,59.90571170493624
24.06232682487147,60.349327263007496,5.702732094198454,84.46895787845531,0.2758534333373762,0.47994968393620246,2,6,0.12912367972018846,41.75371095826709,46.32913046934738,40.1540890794867,32.30362613965689,53.600661570391736
27.267594812663816,90.3727137892013,4.09999315162047,27.842624706100857,0.6089413220256877,0.015900514093458107,10,2,0.09468538541331106,39.34742820750834,46.59923846345074,51.19818437629546,58.17911418995339,43.46863103155814
25.088933000476956,54.369060266351674,12.503819818420748,75.94451082856173,0.7927730616724242,-0.19203493530896376,4,5,0.827936731040582,35.01127504612248,42.15681858332508,34.62622318737875,38.83251217560871,54.19960907686246
25.83508881435029,87.9767579437321,13.411590224238365,78.26227066795893,0.7095916536374403,0.08089605677920453,11,6,0.3898585382052917,82.22873385741833,60.78033628499273,46.76296457149515,27.743225085980377,62.113380601474816
28.336028005039424,66.04227100791964,16.691885410570677,60.85246785706018,0.3148932584298725,0.26595212869845924,0,4,0.6370303058028788,66.22657107527137,53.775799898085886,20.004020445131516,34.59810487460763,47.5524449333299
31.45285729849626,72.43666530461391,18.723220502251113,29.47262100501822,0.23500124997776484,0.3353436597394755,4,3,0.11460486854982666,42.48053709013625,41.33104273315779,32.64783686057169,55.71231407653038,37.10093455936547
36.41468303764286,92.61502410415217,5.721084028787951,76.63168879354603,0.2569668172827205,0.4092291290404126,8,0,0.40661962924096007,49.09810678289112,68.07388817391586,68.55248817093174,37.233600592711085,48.31017082725534
18.93409746500366,88.3310118384482,9.029935184911222,26.568608256956978,0.3236076619434548,0.07112474302437055,10,2,0.5105787539152029,71.0771089804633,67.15230335681322,44.43051704170995,47.5678111206426,36.17883513281414
30.45537667814484,88.03990302782572,5.537859127400305,58.393051101712004,0.8799382706421839,0.22383620396436354,13,12,0.3100460441847964,67.1647518819733,52.980371617560095,56.654243585556934,36.95535460379151,58.5759951284021
37.462039704734636,72.44713373206326,22.598340223714317,82.7041922937543,0.5872284888833269,0.5997530754410065,9,9,0.5238145560935734,72.3317671988805,68.87481180805278,61.580008690501714,33.90575181336154,53.82563988602351
22.56105173723508,63.41233336910287,16.44860355561666,60.90556943700264,0.838198611510509,0.5730552771865678,1,11,0.6201749593469261,46.72855681169436,60.45979538386794,20.1912296227912,27.05379534194618,57.43060324374997
29.472111226765765,74.29572107907728,0.33231693364089987,69.46155902038251,0.28476505279717645,0.03718788121041694,12,4,0.3324459988987425,78.34095332593986,59.60890777132333,55.6421470314939,47.85572561219188,51.05286647929428
37.67444676730247,72.87056535232668,14.75347952297028,78.5646349371952,0.3463145694998817,-0.14683015588959583,12,6,0.26034870317382874,60.711652036811415,57.9016351793518,64.34878330259578,61.15429985680236,52.13707486726417
20.261186735637533,86.33717098137569,17.53184286075565,17.891620549988836,0.23915554745890588,-0.1227884234303808,2,0,0.05905677584054769,43.95540297736342,53.41660771650597,33.92418263018134,56.41463112551365,43.967911308290816
32.46987106427269,78.00127870461989,22.23282175769168,66.2640120745036,0.7170736671761435,0.4432649381707871,2,7,0.21302879004260922,39.81892122143633,43.409481308478725,45.67514305065754,36.28929489497689,60.12094651138124
24.004125820730195,93.0498584561312,9.473281816610266,31.862482423575692,0.4606560973964383,0.04107081616534192,0,8,0.6344667611590806,36.558545742918284,73.75701306821246,37.52119600310856,49.66724271641964,37.83059609036285
36.14975757454838,43.37128728591023,18.566128693034834,70.51461797283957,0.8155630004942259,0.0076789366404168,5,5,0.2215044290365904,36.38563906103791,25.48607134635766,35.939753417978196,54.25068574978795,61.29247402068912
27.913612799584058,94.65274901881838,19.833945673474176,75.84478398151438,0.7454658315742072,-0.1152600808395027,1,0,0.9150787726144635,42.87723971826872,63.76560015961286,53.5585033737696,28.736903760343477,46.40998200545634
31.53151334039609,34.87995270884079,12.218966736945491,27.19819424008619,0.617178256930576,-0.10702936659172552,6,2,0.8038889828433134,48.40451843216678,37.15714821431237,43.40653629019071,60.92584874376466,34.402379651627626
35.61863968845497,55.81576785688732,6.094013247099342,52.56476315878392,0.44694388707455446,0.43215801581733054,1,12,0.5265744426658336,60.74968716621241,48.443854606119785,47.76847396183532,50.16082295302699,49.235211830742365
37.38431810769352,92.4573381899582,10.893126308376914,39.373020912307,0.6739368339502493,0.4631393046284879,2,6,0.3308129910530334,52.17945861919176,60.772409993443596,31.75994974228433,59.05130258865575,54.48218157842556
25.966289898677054,84.27131691415622,10.102647392297499,35.63332585481666,0.8801553673285158,-0.09876499717359151,3,11,0.062076798736804606,58.57117653259648,50.65836414059782,33.42530901267953,54.575772103369744,54.40438865214577
29.380690349336735,38.74631659845048,19.902407902239407,55.86529394094909,0.5210877284105164,-0.15626656333353495,2,6,0.5635694303612403,50.14304826420838,33.54742967833942,40.576978763469384,42.596739287600386,58.01373130611143
20.944444378520483,45.96067327547004,16.271383697609608,66.01891926677786,0.18964672606004265,-0.09872846939822795,4,5,0.5927949448321963,60.86553035769981,47.79279785965178,35.13074104312993,39.647908119653785,35.66417228183479
21.262095370089323,47.16546027873325,3.704111126294776,42.597194938104124,0.8218767947442055,0.07764791755548528,15,1,0.5226328820229693,91.54079754962798,32.58381689019489,47.80977767777956,43.496375041295295,55.38778229067502
30.391028773290497,58.104274298827264,6.558173413499296,44.82831600506522,0.2233734052051551,0.3655648909287142,14,10,0.30739993337048277,67.289178989659,65.54525540370449,63.76274075920252,49.76669854607117,39.517697433200226
33.639581384123346,47.66404566881006,20.462834825066516,40.79532020732989,0.43400879633509826,0.40045820853798747,5,6,0.20097742640987393,83.47328723904579,27.158961398777148,38.43680022011655,55.21831295556649,43.98022234305234
30.197706678781948,84.31450994474831,13.535170594836865,30.659733814714507,0.3514830746666492,-0.11932752936447787,9,9,0.10594154649975795,69.53132003966334,56.52618311139148,57.46062191998382,60.73311542531216,46.59902027671137
36.19124754046277,67.19539391503079,11.442255327751964,67.33733858235972,0.8449484473386519,0.010407709559639156,14,11,0.10869462604075364,90.72793372060305,47.5007028467987,57.72475798974585,58.72708948124358,70.08249598339681
37.68464124083358,49.30347305703492,8.140299010044846,34.52859323660018,0.2692176371654923,0.4299553733909541,0,0,0.9677741304742827,87.85698489701576,46.7474583651615,54.27193321293881,57.26182496154368,38.01500064719301
32.30267451917119,31.459961453658625,1.7094361342060354,70.58119689098847,0.439862537727046,0.3347455019672381,15,9,0.4221841775250891,43.172759789944436,38.010348864895136,68.93877366939023,49.58390699349875,43.46855260550383
37.18262834369563,74.24399908330145,13.521418798439147,73.03751426768665,0.4665937221347638,0.5880926352084763,15,11,0.28054474165599075,56.14973526912547,57.77296991809611,69.66837496464079,42.409972620253875,53.892261585975994
37.31680749145662,60.69789373154983,19.593059854914134,61.06665820236689,0.5490024039113947,-0.16632391423088136,9,8,0.6425950842762254,42.117817691775244,53.99228474749429,77.99518396152378,61.71943447225465,44.92921979640382
24.867419189956472,70.42030143344871,15.447870036412306,18.69641878012869,0.4755818955425313,-0.021777000054434836,1,2,0.6549618886272098,35.65036973128796,57.16503773809686,34.84901471537301,64.6341942141864,32.04153450387782
27.7334428421369,69.93114134654306,17.396268715924037,75.99878914391243,0.24990133215913318,-0.1346774567263811,6,12,0.008883801626070498,75.36710095605648,47.39882778074855,46.925047546326496,34.51256249946552,69.89672974438022
18.93771642987855,69.94448202180672,17.919441713476267,36.4157514321113,0.837503266389117,0.1655942731597695,15,2,0.8544078160203,88.7467603642047,51.92289928149832,51.93382158383392,34.48828666857987,52.769249382140224
23.212276457707766,85.56913928934856,3.529596919593309,24.14682180989224,0.7190667337741203,0.1250877108517105,7,1,0.23000037648217175,80.29230972417946,48.773837695331565,36.0386897046463,48.44945092037863,56.56702397879681
33.942125015626644,47.27652880644801,4.229724209400715,41.72487256720345,0.4067025798558611,-0.05162177689423714,9,12,0.4830984045554402,69.6603522982657,47.55088355193068,45.140746827747805,68.38353807572577,38.147368068917
26.246336021440875,80.83403653095411,7.60452446155305,55.52582494295164,0.8637672058780325,0.30005704860711707,0,9,0.8759845252025904,87.74918870860157,52.84312661982257,38.7678363995084,39.015830522131274,53.36169029215202
27.803046466215598,51.50882260172277,13.431531873327213,19.50770418809913,0.2864492131386338,-0.08086366612279204,2,0,0.7222123030452839,53.552049114123946,47.061722460428065,41.64034835278958,59.592749017473835,25.848104116616017
24.310636341236222,30.25892843332409,17.208221610473124,22.74833351138418,0.31873964573848645,-0.047746365148934794,2,4,0.1601976794963561,54.77627107871338,14.928836443164688,28.19398634229796,62.18930712959348,32.67922528613921
19.905642927527612,63.89921463188799,3.081887959220081,69.11652410197928,0.19741501629467645,0.17170875995538504,15,12,0.15896905365841352,46.47801458361339,66.63279857586372,46.985741028730644,31.271043822745924,47.774363815121916
21.04634125563268,71.69081366217965,6.316551623872329,57.930132524393144,0.21826913022437927,0.2199752173642633,0,3,0.6817087033294134,77.61717786289398,53.04181626400615,21.67372300259685,28.49020171613147,41.20745211039561
18.368474325042435,88.83065716490373,15.393578638214475,44.4941485491266,0.4844208119257011,0.40639651708831653,6,10,0.8079036763148518,64.10332522368034,68.7425541695194,37.16684696852707,32.904182353934225,36.70707572638989
29.966378640565853,70.94132303210837,17.826822102672597,53.722928652881606,0.8240236229322585,0.48777137141897303,10,5,0.16853611212553654,67.86937568495274,45.24373170167054,43.363283984252355,39.88986942238562,73.62870878347088
23.748370096704008,86.27634001097022,23.48533282555514,44.814755229179795,0.29833586601752216,0.13626359720794784,10,5,0.5195693781625502,50.638125570428215,69.9531076906587,58.072682550512354,48.099666911534605,38.29162689243175
25.545699663951623,51.86969450249299,8.788466824323473,81.58235398427679,0.4543387294211285,0.28490591707034046,13,6,0.8762218159944921,56.03965764443031,51.28231243857348,66.39359339175559,28.673111938293523,41.05640285835331
25.99816415287608,94.07645133013979,18.034602920015494,15.738938396428974,0.7963949033439158,0.36254372494504933,12,7,0.23612847588431707,43.51104907323835,55.06870670754055,54.85075883159434,53.14930003389735,48.890804404603195
30.75039961692498,46.17479738283615,15.90792697733221,18.384124955099935,0.45161471864707614,-0.06185150730739891,5,7,0.3167280531777318,78.97735920757471,35.86972956472902,35.60469172691798,64.72129279715399,39.20074322504307
18.719714217009972,50.035611201321196,15.226885985297804,82.38409966135445,0.2199033026912705,0.3625302185686446,14,9,0.6694742435034768,64.4203984673355,62.858072186170176,53.09333538905957,19.424858426230386,45.935705145058726
34.1261699861371,94.77547270603067,22.752149694344002,36.28502031263618,0.8015412564032676,-0.12379430157702416,12,8,0.34214623298668656,72.54419510694909,60.824797413163694,61.59575861008248,70.06196543230725,52.71908900813885
26.545398455997027,84.6046336373319,18.44991897437696,70.2238530370846,0.7715437295796415,0.09755183043478038,1,6,0.5084511700854011,41.452885465356125,42.51030971491329,34.81997356096547,24.16272651469101,64.17328406894762
20.377825362497134,79.49158151172152,5.203502584211911,76.3778775987673,0.3385971105101126,0.19359390695235218,9,6,0.2688503203920135,55.61744631191688,61.68175472012314,39.67583091719849,29.685103621032418,56.755652044410574
28.161252195429153,86.02223977406223,11.312476173636812,73.18822299205436,0.49372081218079966,0.15219397336869867,2,2,0.12497882442661401,69.8553144247858,53.80440394228022,35.913121900338716,39.11382348981559,52.00870997289812
26.505144130416436,88.1394711311784,22.40741125803516,51.740121383810035,0.36310900722907247,-0.06244842212945931,15,3,0.7806273976251249,53.50167572617802,75.75747949525737,65.47291458266176,54.280910533864294,34.64710289842133
28.072246466404614,67.04644390981147,24.77337411586113,77.99265330324415,0.6858171876936269,-0.07700522357566504,9,11,0.8925860707079997,85.54209551423162,73.06952896856836,55.732474978861326,33.174533622531,59.846126029127724
24.8913657938447,55.40083081635303,13.976763936645309,38.34631815209113,0.6812388704685512,0.31817903659493,8,6,0.05397323168549528,88.38293289515681,27.81724074469987,27.837199226797637,49.33961652824847,66.61057078876773
31.491758212360196,30.904650228550203,21.83770823276697,22.17073176886922,0.9197795298307094,0.30246610334137675,12,0,0.562437059426841,53.88454417054004,9.657169488816104,49.14760491248279,59.40623510168549,46.84310016030333
37.91737731579073,73.37996552244945,12.848243559781022,42.85608821942067,0.3999288002292326,0.3643355390413035,5,7,0.8481848353039325,66.55296122829233,73.0361582913865,69.1369376678355,59.764025168381046,35.13599245206265
35.0387920945983,51.25790947506199,17.315626159524136,77.50796293697564,0.7421868750460132,0.074086514012761,9,9,0.20698481460997364,38.315409528753136,41.1244931243444,40.715039199017,40.204536711149785,62.324539814161376
26.91799653810338,88.8426895833003,19.70436314112267,78.04574694660985,0.7916992375001429,0.5791962956694594,5,8,0.2272588470525021,57.20509845178029,53.91208314035022,38.485734992476644,20.39013770461949,75.07071181349755
35.519494763592206,61.44205641450821,21.01550370928352,82.08069882344454,0.4750535380983081,0.3572836327343229,1,2,0.8007857166785385,81.73576200913712,52.94672770366461,47.16484232031081,33.154599392084776,51.97581201711185
34.371021605377464,46.97132307111515,23.592319813663178,83.02662727538224,0.8498036615342554,0.27969158216493945,2,3,0.8072584148330358,74.99093672885681,30.237815358804067,40.107158750694204,28.608715784208215,56.9688583234168
34.76527278877751,44.39682973940569,18.140696647491346,15.048312254534475,0.579512974570357,0.09027059280130273,15,4,0.2445198061720758,50.66617729110061,27.076938070495817,50.6029459508248,79.33131871803097,35.255614636243536
32.2222284570502,74.01446729438317,6.049731827613083,17.743271329967918,0.7911650368917107,0.49785027437167456,10,12,0.9597115572361877,71.12739952150008,70.04616700912169,68.89769125242333,69.41701982791011,32.572192480286596
33.92557114415328,57.02474878686702,9.443981176669125,35.40799279311257,0.4326389137216472,0.45646132943376244,12,9,0.24987917954172445,75.55750232921676,48.105825004441556,57.137209516967296,50.364513627327106,44.95076468213683
32.59607790185089,77.52349229033243,18.829564482527374,42.37271568431372,0.6816814910432826,-0.009030694842333903,14,6,0.5831069168032765,74.12948467450545,50.46122098736115,63.909877266448014,67.30637508459657,46.89182276566666
29.03818838070654,83.82649008261195,18.07874013174226,75.40087682141308,0.7774585182376076,0.021077809547629667,0,12,0.9369984322070727,59.51995341058252,78.62827814312334,43.099777773570885,40.061223424196164,52.934377815625126
34.63343908519765,55.78831037929875,1.413412492158281,51.23079908066785,0.43981453182463115,-0.10162209025753217,14,1,0.1530368836560958,46.73194938292446,32.03033511037239,63.432523880750104,55.95963617300293,37.0420521746119
37.20266954864033,79.17048817852199,16.142815347030027,67.06824935254726,0.7038552412613125,0.3521994087954214,12,6,0.5668470801399786,61.30501358758997,57.401892888729186,67.64309257880218,56.05280530414487,55.18676737905846
29.587588099689718,62.49188131819591,2.698723856931479,38.79815588200823,0.4396689708232552,0.3655407720904739,6,4,0.00795581558463787,39.807187529812374,44.332894608986855,46.870331719077605,36.32423104645807,48.16542557710506
18.620814452668654,54.74748368851489,19.836424269538462,33.23937191929497,0.8622292650551856,0.22320856685091023,15,1,0.24167054018028034,86.65905434805376,25.496768283379595,46.2304564432575,44.9736265562589,61.115155305411506
22.44455287192511,54.9939486841283,17.429203215017434,82.82309374291933,0.4881826731216835,0.19666913682666926,7,2,0.4032227427493651,38.59206063865173,49.381298189161896,38.03611834099498,18.687423382080087,53.714617795475924
27.522188640663234,48.30129860648424,10.00176670067261,53.27445204933321,0.6434879268027899,0.5522289144792931,13,4,0.5848575129737519,86.39816239086991,41.516304972575284,58.27041925771885,43.515474283872,62.640042801525595
29.39721002683194,76.93751009956418,12.026646713776094,56.80790631148145,0.9003450315732696,0.0008964449244359685,13,10,0.5062331497548033,45.08177544561674,53.48560551834638,51.98669562139842,45.85535835998876,59.33632368645098
25.317372281739747,89.39493943418375,16.208002499658182,71.22115274520942,0.3601985461408971,0.15690264952233335,4,11,0.05089555050188155,58.02695767310129,68.55364083686348,31.938112985890584,39.48625661984603,64.06464935976567
36.94184298338013,62.38687109775298,15.607245921332275,74.33940309921586,0.6903020313893874,-0.11835462490106466,10,4,0.5525907983318721,78.01890000010943,39.026008485837096,59.70838921487201,59.18508358664176,60.953549456397745
30.32196346324227,66.2121745362509,5.682931316371695,49.291466246578196,0.5723975791179124,0.45387190016469176,14,5,0.08091598247594944,62.775869619235806,31.022952487343748,50.14770921971107,53.94779379465665,59.199011607549195
21.113027692521236,51.247047412064646,10.9283672657395,66.65845215481134,0.7935250299368359,-0.15315161900384044,2,10,0.7205284152506632,85.99518137427353,51.791726832957906,24.660294195154705,38.7237351298237,55.34800281261734
36.72639397696996,68.88126449050075,13.469018359732193,79.09966080307989,0.8231329020567418,0.38199692265310464,2,11,0.11383497719548397,78.18000609619476,37.743654081384506,42.117826623809265,33.005528413891355,76.34476672461807
28.400943288613046,35.63019304518198,6.698950728900529,37.684171994585334,0.3972182958213806,0.5021381995750656,1,8,0.7349172783690119,35.77349506664744,52.101458865130695,43.37446757470447,58.23797342684509,34.94367107709358
26.466816991740103,93.2489399471344,0.35898010109420286,37.800358294602404,0.7466970070060615,0.08807970438002644,13,11,0.2184648924981305,80.35300345770231,68.28362364870418,57.36276044634389,53.83564359141261,64.56426603746499
29.709099238046967,71.27713816678272,0.24331681171540498,18.963064324223563,0.20153919975898807,0.4557137397289857,15,3,0.32883818463874226,69.76730838185189,46.09271161806069,69.02808673350914,64.76179928925224,27.684004597430064
32.77765231440046,45.290555496154596,17.70895025684545,16.060697387209476,0.8491660093221894,0.5600313661246326,12,0,0.45781841380651234,58.58785059360413,17.882250755898376,47.05765032236721,69.45934980916445,52.41327735178366
19.54129335994162,75.00152131687064,15.51689979923571,73.26301137882946,0.8004062545303827,0.3048282191783493,3,6,0.9140082690118511,80.67205574358209,59.32326122499299,24.088333563532345,25.204153305604507,64.79288605452052
31.76135630463157,41.319276366631996,15.913714992326081,44.96624931152326,0.49698940438755757,-0.05588960811675445,11,9,0.6979409896782558,65.34053792312332,51.85808464768959,62.60623928704397,50.6147228917631,36.8185468239311
25.44715685585426,87.4226505151419,10.389051886109629,56.89289080380579,0.8235798206860676,0.14060755100450367,1,11,0.13646131252663973,55.79605995811771,67.24704960213695,27.5395907628879,38.75229888993404,68.11509822808593
30.521512346974973,48.08031109580399,23.277668965578044,48.007434934298615,0.35559158084528075,0.590159984346406,12,5,0.37149898240954415,36.99279223603356,44.56208850853956,55.1666751554663,35.94347007693693,37.05931003793784
19.677716064471625,70.03632375589807,17.999603688582884,58.48281885252224,0.5580057212969087,0.2626386562709687,14,8,0.8632635436375291,54.17164472422709,73.54034478458448,54.8524607856653,20.614032804777587,43.40712454484396
37.32337513556266,42.65737777175542,5.818327385056269,58.30802703378147,0.20957359863955716,-0.17276187694783474,13,0,0.12326364578576832,59.464221141648665,32.16663701315892,72.87634429418915,60.82474658800841,38.78775066697375
24.042888512475223,58.11496211991873,9.65779217160902,38.93184791550139,0.4490627405011689,-0.19110583167034934,5,11,0.9773467974486908,84.16228291071988,71.21588454703233,44.283004742826385,55.28085496915901,33.92141099932574
36.65718269759195,80.4541133994714,3.632407161202342,82.48290007854472,0.24717303966419285,0.1637439028074268,10,2,0.15019079505790445,90.16492708735278,56.721009376809526,64.31950702481728,44.214686235111,56.5124142760961
36.352078735755576,90.64402311284668,22.63954574388238,59.72526771485994,0.413699320351434,0.5404541419511057,10,1,0.16879981505081754,59.72816980825455,52.80317901625497,68.69701183036234,42.128886614042365,43.8374502846004
29.077411868370646,57.50369238377101,17.689228999398466,22.048214589234966,0.1874142121634524,0.31307077954653023,12,6,0.4073580290193777,54.0375805871128,56.92855410402111,55.30173607035607,55.08846269238044,29.310241168688684
35.86889702823784,77.94061236402612,5.486078717332288,61.00165475652478,0.25183659524781643,-0.04474890571828549,6,9,0.12589041824989755,50.971055228145744,61.90288326244187,64.92177831512927,61.48328549183883,44.367766166283175
24.25158843950625,71.10453324126738,9.467391953044332,63.797303213827675,0.418311906671203,-0.19894610249595265,0,1,0.7710123262227739,39.78829895201888,45.86908600380902,20.71996796305335,53.13099825699163,42.159694067166676
22.17208430586306,89.9649367032188,14.159992044626495,43.37940414869391,0.8753844282479243,-0.027985804902471323,12,5,0.10864570916350635,42.11817487127368,42.932945654622316,48.05090069747918,40.485857102579466,63.91325608381133
34.10380938504785,87.04256445246686,1.1179876013434231,69.1612158481164,0.26329943411249396,0.35860983463946733,14,4,0.7077932976948618,47.18798193695582,69.51172312426394,79.11201862043193,50.167420357316175,30.168897063749085
24.735429833007213,75.74557475239754,17.128985885067184,58.514379317855486,0.7125162167504248,0.4351481925309311,0,11,0.08051582948176017,67.57829384237164,39.902450040370155,29.2722416543334,35.63633001871139,62.32566717008185
29.446659429490364,53.80108695026789,16.652368503039977,57.71677773775554,0.6559761114893474,0.0018540934473811055,0,9,0.6640355507686939,42.447027919992706,47.772959964154964,34.67688348598945,39.73287053827858,52.37236625392844
18.397581653306386,39.20567294782524,0.8042955912703209,43.198747090025165,0.7638081187466721,0.16034862447120268,7,10,0.0475293213607374,61.774203256251546,25.770891596788026,15.532529969817775,51.043012027139035,62.11646383548068
28.017015925760973,73.99710759224482,4.21224890396969,72.10647002739259,0.389831939109049,-0.12535415686744422,15,9,0.7050179797319802,85.36974593721303,70.83991644274376,67.00294393224823,45.39083204947469,40.39138420050577
22.876130969221443,60.73698345631018,22.754159116012712,22.215574906861743,0.8647524211182701,0.19052447564942104,14,11,0.6213714108268801,73.27182618031546,51.208286980447866,54.38544240918711,49.78209221335857,49.80303111339661
37.12247447919914,92.94089386021793,16.145821981698425,59.33007936874055,0.5753981014185161,0.28604268732135146,4,7,0.04240826852168866,40.06566329820499,49.28594438654467,57.561168296656845,53.645912674338625,50.90964541533744
34.02139938868177,92.68135274184094,15.693950079915894,81.17939269244954,0.8305908005129985,-0.02565841725357504,10,1,0.21158678552861332,40.48393488033777,44.65480446648829,57.54864874319191,38.42435836601383,77.04234607616863
25.192211115374626,94.0016410776848,23.829862397296758,69.50306647164402,0.7595964300885188,0.5818161052195918,14,7,0.8800198493318545,38.695180171099466,77.23376286799098,64.20506331832169,26.265935018562192,56.23446473013625
18.436778480337463,49.11097529161901,1.3377807379069102,44.62117793325611,0.7758147367571465,0.2910638467491862,11,8,0.03150668710963589,82.85300253458443,26.711097170276282,27.156363677548804,41.61106217426467,59.33200257628064
37.96298336746925,80.87294443539164,18.23285559318673,51.93776314984222,0.6625330502593547,-0.08446065965731703,1,3,0.9846428634970845,90.83805631929569,68.95613825058972,39.481340363653366,67.28407590940571,38.72509512088817
22.475331595822112,72.15228111579513,1.8704952838483808,22.25740556934587,0.36323939170056646,0.4219545867027426,5,4,0.4708167822838516,72.42745662252335,50.68188169601683,41.9141113273442,49.68986491658612,33.83952196873506
30.889324167332113,59.307209151654945,23.165695483765063,83.74653703547891,0.746074792921525,0.5323714685147454,4,1,0.6544639575479145,46.30697266962727,40.88990078212321,43.03674068993217,16.70581587315671,70.64853766248314
35.38918683914086,66.35286538822817,23.15856633473935,77.15220169808953,0.8037742668999777,-0.01638391375652057,4,6,0.736236597043577,90.63784294714162,50.32617244750985,56.314349944231225,40.66586952877031,67.15696584257513
34.348485995258905,32.929643381821265,8.985868750211583,64.81792257932247,0.4631895837123773,-0.08474913304620052,2,7,0.5226102363936188,90.96481365860453,24.058114639197154,56.78598352156668,56.0737108005077,53.7185740606081
29.032764393998335,76.31311744807914,11.688786562697235,29.867357379904185,0.18521723086814587,0.470630605861356,10,10,0.16253973378633635,71.77531127399891,77.04813542914542,54.73835654016674,48.21537422004259,35.77921792737061
30.848812750828614,76.81413828090028,16.3028632375583,65.49020701095615,0.26170170159952194,0.5380755186490507,1,3,0.8365512230299579,85.92289963352411,70.08473033852431,43.73574123663633,46.55116298377195,45.03757084025993
30.232887692962834,35.32150271138023,2.786550286938599,84.54368785750462,0.40582029624119786,0.07978598983293111,13,3,0.646019769494277,61.96532554798742,39.46933930450285,58.460636546598266,37.94894542130476,59.69630916395601
19.103745811895493,83.74111473129278,2.841452124617516,30.186781047607106,0.5041732369520182,-0.0438527556796684,6,7,0.4606984244467053,89.29378882228546,68.14836479827511,31.897449785207186,49.042535953496774,45.423971470449494
30.72924255514803,86.1755385210387,19.6888910857039,80.46194833003406,0.7048509864905276,0.11518946373785399,6,11,0.22535676761480072,68.27102987592582,61.530831534741694,51.102034394033986,35.391668882150135,75.40074590021847
32.5211833890839,43.266779073666,19.477986037171256,64.04828123535262,0.2896413161222389,0.46626413793562277,14,6,0.5438561519010436,90.3700139519776,45.23232495918881,63.03622429259486,39.005307112797475,50.90711879492534
18.531308420998755,51.66530767154971,8.612708825683097,52.12310492742908,0.6811217041842383,-0.056523862482949466,13,7,0.916976274528907,45.54544780107485,55.283247293493716,44.29686508216382,37.113844830691534,38.38765861231821
18.68083562380286,51.68825042426474,21.94892463479973,30.783585706002704,0.7066134068846862,0.28979061914199583,0,2,0.7417075139818313,65.32861660283527,52.23193525179041,22.518753327976842,25.35675714163324,58.97997129418817
22.354005310514708,38.91690861128289,18.53266940324797,62.16769249908674,0.3610629195319972,0.3970267484125724,12,6,0.34859725664740626,79.85283359634064,29.6924796316067,43.86170245536859,27.24516154399369,47.6794981123305
36.77068865867177,83.17362003118603,8.954689318504924,47.54434753823809,0.8871464628954491,0.5161635158351334,9,2,0.2743038328233488,55.77196960363241,39.317280940201115,47.95162580130659,57.91543734829088,60.82267946632762
35.74129613270463,32.1372731861454,10.570087022262953,41.43400426322163,0.5621344965465218,0.24851244578786308,5,2,0.2045557027857562,80.80329573215285,19.68050886809139,34.786757654124834,66.38858311990194,53.431101843299615
32.17044451894408,59.64133921414572,7.4860458611525935,73.19463985861435,0.21606225879391755,0.41308851637891225,5,3,0.9180192226267826,35.316867866064285,58.1112855916637,44.81706456921817,33.14099178100859,30.38004668181098
20.243280161676225,57.01114027901797,21.59341932549934,77.21147019702937,0.5337251904938495,0.24637351509606387,0,9,0.7796103942986415,85.62063407183408,65.62094991593769,25.68691015735147,20.83198892281846,47.3550920500813
20.359229328402634,83.40925980032907,15.044088242512668,19.060364266413877,0.6711885748369089,0.026480828717681426,3,0,0.6065889146836446,76.73589328536687,49.66954485782787,32.00899625105062,50.22958744121749,44.525133748577396
36.528166025942355,47.37483525212838,21.775165087425606,15.847650203180939,0.2248567130789711,0.16112664368212565,8,9,0.9425617005006367,64.7024044646005,56.25837426427805,71.18330557487987,65.25137572679668,20.401402666729165
36.18266969350081,61.20384948460004,19.136174578244397,74.37473697504271,0.2256737609918708,0.15267704620499584,1,11,0.42445529831969153,67.21379378714096,69.21099604867486,50.52559144574524,42.11576743273816,45.423181468886824
29.8606665731813,51.32256633428046,13.17797634398975,18.450006211575175,0.20025018093384778,0.13177820955006841,14,4,0.6157918102751082,37.16087952149695,48.96709322487928,76.30051178318391,57.54338605658294,29.786431746224615
20.753253716154614,68.84228879585845,18.59679944508055,62.968764675805524,0.3626586733251913,0.48355586909357123,9,7,0.6146667010074238,47.13236174783806,54.8432794976816,47.710596141540364,17.097815670970157,37.93547032952527
24.171090245115167,39.8745500074877,3.790346344336812,23.905944509781243,0.4886075608041083,-0.197567970921902,8,7,0.2983029229195504,66.49129336473223,31.29113843784064,42.61134256627268,67.52343377010283,36.94668618346721
31.967253421650128,90.00405662059387,12.238676698488742,21.951540685972304,0.7398879143264724,-0.1916166768844927,5,9,0.08491660388656996,41.07714473887835,56.837779468203415,47.0610878068979,73.81963919973678,53.8792304117886
35.02737021487526,59.738296617658634,24.907467176363436,40.030595774737506,0.28206098029801463,0.47678115449591335,14,5,0.8744996512286143,38.48648163595303,56.97564712954502,80.82521954382334,48.09229812606688,29.8439757792023
26.053215672173437,35.89520422861654,9.336720685773836,39.36322926378109,0.6454733820683684,0.3217213030370671,4,1,0.4201767775255274,71.62332802866962,23.07761254224392,30.48350559756231,60.16419148066688,51.04959608272944
18.61721943131136,44.47003970291788,19.402022861638095,32.39528551250214,0.7796378134697529,0.1735262605614591,13,6,0.7705162153313778,56.84773024190602,47.78340379279831,46.44420666740582,44.066268291864816,42.144010900119376
34.188137614002535,59.74885605732992,10.370266877871021,35.91964588523161,0.3035594621640755,0.46434955571877173,6,1,0.9021277233516458,36.533821620528975,55.27794795582433,57.978313284409836,56.574820628682225,29.132003674799666
29.318451524730712,89.56899666841139,16.231473390310654,27.48239754817408,0.7634418819412736,0.15318368544667943,4,0,0.48676497010783504,81.3116266040104,53.33078967096043,42.95959647627432,51.58847591798835,53.03150626138337
24.46565170050895,77.22510010154016,9.222960443459135,26.906097471005616,0.3970645573765441,0.5014713543424387,10,3,0.2349605348447361,42.60494403164204,54.45295149632346,44.04681915707175,51.617691942055465,42.50058332341487
33.459468937374105,52.90060465683071,19.972647754030525,82.30389710940341,0.7211566246852114,0.36938650133022316,9,5,0.8413201258087948,40.06373038203093,54.96710629121053,50.15359481966686,32.16771568580923,53.17367745100413
18.511630607249323,76.96931495900125,23.225612655090984,59.94083617173915,0.8132934596438718,0.46023660427354746,11,11,0.3441004026922748,62.027321045194824,65.51712053105567,40.35429257873145,24.101364194654007,65.74044669657346
24.93659200109869,80.06935883165826,21.874528931447372,55.61680989823417,0.23721649505278786,0.042998583973732796,11,11,0.3475549782700149,40.86001285609556,73.70012474635618,48.00864461817829,47.871747052884906,33.43633756595552
24.25264745159876,91.98278317878442,10.79893720246566,45.91194783642652,0.2678635935740442,0.043643443691427836,7,10,0.7861989744032633,59.82343153975375,85.44116424657541,54.06181820757359,56.36366719912007,31.174065898129264
24.944605804594215,85.5794510712893,22.532739036858203,67.94968288542677,0.6657966790096895,0.45240392756983944,6,9,0.25422095446517834,61.57550333960725,59.852044454121135,45.365527842827056,27.838897067913393,57.444328974849405
21.559747560464125,43.947832431837305,21.15141397148227,15.610466795617842,0.819230378737562,-0.1555295315168122,10,5,0.800176227445629,58.234076478876744,32.082133690350986,46.582232410141145,58.00020637338761,44.7765460643029
35.81737194474482,36.08539141204757,8.465017132074939,61.1543666427787,0.90454616303226,0.4786194591662855,3,11,0.5171825294247882,67.1650499589304,46.233522546917634,47.53672473577984,45.11627331241936,70.9769803252161
35.59259718001764,37.395825520975436,7.315984422624272,83.32794737675253,0.5694776431722763,-0.058828911966646386,10,6,0.6457841753035913,82.20865308444647,43.33315387083303,59.34487075178941,41.96741775803455,57.96312034744496
35.76312247332501,41.30389490871062,15.621867379190963,54.943285989628016,0.6316576646750066,0.2507332982651264,10,9,0.6261099660231666,40.147114065936414,29.47062001054763,63.90091139498775,55.15939041346121,48.69466602406998
24.357954301099838,83.86447132969758,3.6683430245370934,68.85747954901123,0.29126838940459543,0.2224122243297299,7,4,0.6373344359770395,47.12620336097105,70.17357969170973,53.106669420238205,48.779397185061725,49.0486235761329
30.14791079006502,83.89531487901218,5.492064194044416,59.29197226051201,0.4506109641880358,0.3950327833171507,8,0,0.4277120965269141,72.1470084044764,44.935888787471605,65.15795987688381,48.03535595139806,61.49266100422662
22.13678034596264,53.86619063592681,24.75838803750319,78.89720182233145,0.17615562343752486,0.22426557408161152,0,0,0.9239049236577108,60.168060023046756,52.61472113435835,35.42835526620831,26.60857275859211,39.31311522841577
33.979100010710944,61.92867241502793,14.161572282854012,73.85633233581643,0.2925645558914107,-0.05985354132630746,1,5,0.7861282411946006,38.337096550648326,64.39761251811063,49.10881327723743,43.68065432099512,36.25103230375734
19.123347779154404,46.23510185167942,18.882436287867442,43.858768364249855,0.5815980763339278,0.5558948976212377,10,0,0.44968036567381975,55.59262557233019,18.878799768238025,30.416349681608217,27.730724220856796,44.440533314951885
36.93433221378157,32.286284437078564,24.52239975840505,73.51524114860652,0.3150342700246347,0.27963772314767077,12,10,0.319298964007779,55.16385214929129,41.2400648500133,61.19600700494864,37.98007744560699,37.36636986380665
28.147164433035886,42.70428619248962,4.852641683739297,60.5315881464367,0.2334489439387094,0.33427258177312497,4,5,0.6712709136176256,56.75858018988285,42.64704405974308,48.01155616136662,44.260741650140496,38.548893461031874
18.850844199309634,66.55628742234187,5.608855759527409,47.14421862288838,0.7677819386678197,0.4332374085985215,14,7,0.9778719086576473,61.43381242902181,56.3639820091502,43.342972482682384,29.689803917458477,46.91447637291831
19.40019843932983,51.31349633651152,8.153974176354698,36.19400723765166,0.6067585636218816,0.4012337354624847,13,12,0.09405007868014759,43.57176445182438,56.83869864733451,30.46843555402549,49.50774945289616,56.82477750027362
31.359711281940235,71.98152828006886,21.49040315645786,36.962324703479325,0.727570735963896,0.4015998915531957,3,3,0.6211578377584276,73.48423899710247,48.526220614152756,38.433273616547595,49.47135655143845,48.665721175816145
18.013825118274873,62.56672974468506,4.608520339095287,60.27893776388037,0.6738840244876313,0.20090120695486657,6,7,0.3150581890551687,52.859392720121164,45.407410111706696,25.11560248655254,31.854786261590384,57.22334508669098
23.202893843995952,62.90163836805326,0.9747377882307978,78.87546025383497,0.670051424722952,0.29830019925715334,5,9,0.2843288567593645,69.42003531887735,51.29091740909941,21.472168919512022,25.658680153674663,67.64860280296985
37.26037667812428,82.54265308705428,7.357777310983008,55.708882734425806,0.24252506512356697,0.40333338533284485,12,1,0.866823934924232,48.71174629323024,74.14555903908472,86.01998718804867,45.81200537108824,37.298256447861604
21.9533562412344,41.030279251080586,7.644878061712356,80.88480038898756,0.524698692001728,0.008702351444613399,7,2,0.018901419705438016,55.804580882895806,28.706596119666827,28.894659670873054,24.330505207395777,58.59269191003585
33.01727402876577,34.354106325954206,16.966848093914557,58.437977016087245,0.8291324582094267,-0.05281039322235276,2,10,0.8648652170480753,90.659595504149,38.60165403875433,43.16742684558325,52.20738369990273,54.95091787123076
22.24650368909354,40.73783103550919,23.410353760009535,25.898903827411495,0.7483696067649969,0.1242074034105266,15,9,0.09185138016664873,76.32832240109275,26.12039671606319,42.98276465757685,53.776692264304515,65.90131713845301
21.924405969697315,35.107398871209696,24.503763521543593,23.599963813789536,0.30465522810791423,0.44774859782111137,10,3,0.2222933401905378,73.321657483238,28.316052327163526,33.97853525651703,42.454914700213095,36.76731328106791
29.95846551239393,86.32000540061301,9.112074013811547,66.55295050669633,0.4701913948904084,0.2344587182227998,7,9,0.06052737130984387,60.932122773476394,51.256077887819664,41.17806479972869,36.90974120419759,54.46926107618365
19.52563026785671,90.17716003194465,7.875093013691551,34.27637441777182,0.22777382760653941,0.26188256727726433,15,3,0.8428530822117779,73.91770666672848,76.15811415738098,62.57322672992145,38.605602621583955,28.893741442950045
30.387343259748917,43.31943341335274,22.490895248830732,55.136651866733565,0.3110725344844279,0.5833019517497933,12,7,0.16547217212637522,64.48280369963722,28.901775538395043,49.83695718367141,40.53040553498293,40.32015940773337
23.602071023089778,40.51593484783735,14.47319258421066,77.5940137702286,0.716511901264093,-0.12305007388995888,12,5,0.0052958799055020656,52.55260199556335,17.43746759405061,32.004506218418214,39.21312422016026,77.94228365558052
31.383363256798848,87.45123951329643,17.070257716235567,77.81283429998308,0.772210324062484,0.2536513963155124,13,3,0.2981424046513561,84.8938721219263,39.92632425226717,53.53555717052539,32.24863187911649,75.57716604180531
24.600595052748965,91.96459030015544,0.9118507539181447,39.732321364822155,0.817945006210978,0.019245231309578947,1,3,0.8987518160686162,82.34318843083739,55.058590089966856,31.351525409225353,49.64670106589037,56.995429292817875
30.30807973807125,38.05130067072582,11.744475025074399,32.9075213984016,0.8075203038845653,0.24359538589450563,5,2,0.9264656527218054,81.90510223318485,33.1177916429675,45.101386908944995,56.49383817522941,51.69594087635489
25.719267086095556,40.712339329546886,17.175403467819198,54.01361280794556,0.8387361107949809,-0.007299819482773445,11,2,0.3586233926795297,43.32819495996105,27.361739640916312,32.621474926455484,46.86166786719949,73.55035161599103
22.856383495453738,39.14268147131537,10.735839575236222,73.0313385242137,0.4044968030225917,-0.19234964621734854,15,8,0.2000630708531641,65.94160425632347,37.80795876952522,49.39826982694653,35.40131919959313,55.11395010923726
32.4362759888806,32.34183006868821,19.73805991597067,70.38592180629624,0.6608253522164984,0.5434373887229296,11,10,0.21889866460195428,56.74811544638638,24.663338359473855,47.94255326449932,30.544152404628036,68.67763676617957
24.258781188402576,91.19865299505351,17.50678682074243,33.625636643740236,0.8480148319777167,0.07537031824221252,7,6,0.4792228456897505,87.64695977805366,57.66609061927184,49.78809260218055,51.0064485556037,57.58420824102123
22.19767037810909,91.62224136147492,19.432427610110764,39.22488372415181,0.42537880222131375,0.17562709653306835,7,8,0.561041104651366,79.2388372924119,77.03072647473905,43.51010888754467,38.54507720722508,42.99906710943642
18.865088706949976,38.309108039622174,4.5046092954261985,30.613554749775417,0.4593567958944952,0.32438560550182255,9,11,0.5245028101364752,65.35191522829086,49.64761859775531,38.618783904400445,55.90838046376799,43.149028110699405
19.939628274782862,43.9217532237039,14.664947788894597,23.817227158663858,0.22747570235291167,0.4607286491516775,4,1,0.6080533499121532,55.0646374249677,44.3647489266954,23.354690324437655,48.21360101558586,27.680647051109215
26.277977890720717,49.38478418396639,16.819550539071642,65.25817448629097,0.3835030981905627,0.08132523679763637,11,2,0.5934435648091743,89.54381603990245,38.51358506739445,47.5251847348413,35.34931320817531,51.804587255930045
36.56216507228514,74.72353292311129,2.7331572327716436,37.857894768691864,0.21596267614651454,0.28139849673264056,14,12,0.37475461323525905,44.28786742399689,70.79056249224325,71.17093750306329,61.20061924574821,26.705993490560353
33.014094810756504,35.72079894706843,15.576007069100555,44.798926426526734,0.2479247652793,0.3075078016765233,11,8,0.4400202956311914,80.48559070952865,45.72170958023344,60.77292278354179,55.98451185132067,42.4664216675377
19.9124278943669,91.49528336564492,19.387059518457914,22.465091379006424,0.5498804593262052,-0.17203895193792082,1,7,0.9331876418681869,55.98795503667111,77.86169530337943,31.91612143602417,49.73747376142812,27.914792191144063
22.3051654787446,65.9766395276936,8.866081927947858,67.35104546516305,0.6905697697070463,0.35903172489126806,10,4,0.599279302970478,72.11185547012893,43.49614767494439,42.689502782307954,18.939910496872564,53.43936485967396
19.11613578722753,92.56272450179699,1.518343165596714,78.20689590543682,0.6214594014547521,0.5349923082516796,8,7,0.8210087254928071,76.11354500436842,72.21629216186656,37.48435399402982,21.957540147208864,57.12861383833041
37.03533616947887,47.90502011122443,18.796311066555006,50.594833017193515,0.38755607618419546,0.5928747591699044,3,0,0.5820771064740238,61.30653831255354,28.176556877415198,59.58819072909944,40.25552258234981,38.860150640256656
34.02050221099425,70.62896460688737,2.5214398720901725,35.07702401342732,0.2556269540070856,0.4380810364462137,0,6,0.0028299367165864897,65.9455078920047,63.81152197239629,36.106845295275306,60.213065291137575,38.60933698740186
24.987362101907134,74.75497625049667,16.663952314717392,34.47845054471783,0.31637200931342985,0.3465004779048502,15,0,0.5567833316944547,59.173622596515244,64.07198513887361,65.36669110808926,39.466299229530364,30.432459863408837
20.97947672452687,56.37003928593816,12.760658382620132,17.219071963067922,0.620252275161603,0.4002522347980027,13,12,0.2031263524644097,46.89563593322599,48.457724489451245,40.3452091980468,53.746089695762045,42.38949636571905
32.82361563758752,32.46936154254676,13.72036278270766,46.51329937533825,0.631140822271845,0.38487973879233,7,4,0.6364171860232425,64.8867360687767,31.921883675834984,47.29745341843659,51.67617480142921,49.49222429153913
32.40809182927999,45.912426430619966,10.763155628399733,42.08078978114083,0.17758288812676024,0.12843852238310938,6,4,0.003923786200879853,83.28602576820364,33.68595377413998,44.24888461495159,60.024797849579166,50.031715187267814
21.387024507653017,70.18372316823226,18.939922361218404,74.83351613009258,0.395363394997899,-0.17286287957118454,5,7,0.22576851014390664,79.51101921484171,56.19565744623119,31.178432425430685,26.579072053941225,54.444352527854704
36.086271008202196,71.72306986081288,4.543608654967102,70.95157256562712,0.6841479406445607,0.5823518221399329,4,3,0.3331255162839325,81.8249885163352,39.59104005452035,45.75888259558692,45.94193723834551,61.86426395338931
21.302434185204863,82.66284538150866,0.38612888594186934,67.27890082169594,0.7141537647934549,0.3197439810949236,1,5,0.028320683524207024,80.70127009270198,42.698269453791966,21.21263808256507,28.782196576092858,63.5337963053723
23.10278300789843,93.26908609959628,2.1483050523917218,26.248327154214323,0.4875044864589746,0.43013850227324063,10,11,0.7556357226827659,90.64197680136266,82.93777280778477,47.25429070769524,42.09848551373775,37.553884485962236
36.70614414718784,49.696834150746845,20.692713379574958,59.11929027711087,0.22737636405349476,0.2822145274627554,1,12,0.3080940490057231,35.06502424032214,63.63520407996873,45.76319819744421,51.872662678339694,31.96295042539309
